<SPT Id="1">
<DIRECTION Id="0">
<PROTOCOL Id="1">
<LINE Id="1">
<Interface>0</Interface>
<DEVICE Id="1">
<OBJECT Id="1">
<P Id="0" Ref="70"></P>
<P Id="1" Ref="99"></P>
<P Id="2"></P>
<P Id="3"></P>
<P Id="4"></P>
<P Id="5"></P>
<P Id="6"></P>
<P Id="7"></P>
<P Id="8"></P>
<P Id="9"></P>
<P Id="10"></P>
<P Id="11"></P>
<P Id="12"></P>
<P Id="13"></P>
<P Id="14"></P>
<P Id="15"></P>
<P Id="16"></P>
<P Id="17"></P>
<P Id="18"></P>
<P Id="19"></P>
<P Id="20"></P>
<P Id="21"></P>
<P Id="22"></P>
<P Id="23"></P>
<P Id="24"></P>
<P Id="25"></P>
<P Id="26"></P>
<P Id="27"></P>
<P Id="28"></P>
<P Id="29"></P>
<P Id="30"></P>
<P Id="31"></P>
<P Id="32"></P>
<P Id="33"></P>
<P Id="34"></P>
<P Id="35"></P>
<P Id="36"></P>
<P Id="37"></P>
<P Id="38"></P>
<P Id="39"></P>
<P Id="40"></P>
<P Id="41"></P>
<P Id="42"></P>
<P Id="43"></P>
<P Id="44"></P>
<P Id="45"></P>
<P Id="46"></P>
<P Id="47"></P>
<P Id="48"></P>
<P Id="49"></P>
<P Id="50"></P>
<P Id="51"></P>
<P Id="52"></P>
<P Id="53"></P>
<P Id="54"></P>
<P Id="55"></P>
<P Id="56"></P>
</OBJECT>
</DEVICE>
</LINE>
</PROTOCOL>
</DIRECTION>
<DIRECTION Id="1" Key="64">
<PROTOCOL Id="9" Key="65">
<LINE Id="2" Key="66">
<Interface>0</Interface>
<DEVICE Id="1" Key="67">
<OBJECT Id="1" Key="68">
<GROUP Id="1" Key="69">
<P Id="0" Key="70" Name="This point"></P>
<P Id="1" Key="71"></P>
<P Id="2" Key="72"></P>
<P Id="3" Key="73"></P>
<P Id="4" Key="74"></P>
<P Id="5" Key="75"></P>
<P Id="6" Key="76"></P>
<P Id="7" Key="77"></P>
<P Id="8" Key="78"></P>
<P Id="9" Key="79"></P>
<P Id="10" Key="80"></P>
<P Id="11" Key="81"></P>
<P Id="12" Key="82"></P>
<P Id="13" Key="83"></P>
<P Id="14" Key="84"></P>
<P Id="15" Key="85"></P>
<P Id="16" Key="86"></P>
<P Id="17" Key="87"></P>
<P Id="18" Key="88"></P>
<P Id="19" Key="89"></P>
<P Id="20" Key="90"></P>
<P Id="21" Key="91"></P>
<P Id="22" Key="92"></P>
<P Id="23" Key="93"></P>
<P Id="24" Key="94"></P>
<P Id="25" Key="95"></P>
<P Id="26" Key="96"></P>
<P Id="27" Key="97"></P>
</GROUP>
<GROUP Id="2" Key="98">
<P Id="0" Key="99" Name="Next point"></P>
<P Id="1" Key="100"></P>
<P Id="2" Key="101"></P>
<P Id="3" Key="102"></P>
<P Id="4" Key="103"></P>
<P Id="5" Key="104"></P>
<P Id="6" Key="105"></P>
<P Id="7" Key="106"></P>
<P Id="8" Key="107"></P>
<P Id="9" Key="108"></P>
<P Id="10" Key="109"></P>
<P Id="11" Key="110"></P>
<P Id="12" Key="111"></P>
<P Id="13" Key="112"></P>
<P Id="14" Key="113"></P>
<P Id="15" Key="114"></P>
<P Id="16" Key="115"></P>
<P Id="17" Key="116"></P>
<P Id="18" Key="117"></P>
<P Id="19" Key="118"></P>
<P Id="20" Key="119"></P>
<P Id="21" Key="120"></P>
<P Id="22" Key="121"></P>
<P Id="23" Key="122"></P>
<P Id="24" Key="123"></P>
<P Id="25" Key="124"></P>
<P Id="26" Key="125"></P>
<P Id="27" Key="126"></P>
</GROUP>
</OBJECT>
</DEVICE>
</LINE>
</PROTOCOL>
</DIRECTION>
</SPT>
