<SPT Id="1">
<TimeSource>2</TimeSource>
<DIRECTION Id="0">
<PROTOCOL Id="1">
<LinkConfirm>1</LinkConfirm>
<LINE Id="1">
<Interface>0</Interface>
<BaudRate>9600</BaudRate>
<SwitchedRX>0</SwitchedRX>
<SwitchedTX>0</SwitchedTX>
<DEVICE Id="10210" Name="toEMS">
<OBJECT Id="1">
<P Id="0" Name="Z52 LBSW OPEN" Ref="177"></P>
<P Id="1" Name="Z52 LBSW CLOSE" Ref="178"></P>
<P Id="2" Name="NO 6 LBSW OPEN" Ref="179"></P>
<P Id="3" Name="NO 6 LBSW CLOSE" Ref="180"></P>
<P Id="4" Name="R144 LBSW OPEN" Ref="181"></P>
<P Id="5" Name="R144 LBSW CLOSE" Ref="182"></P>
<P Id="6" Name="SPARE" Ref="183"></P>
<P Id="7" Name="SPARE" Ref="184"></P>
<P Id="8" Name="ADAPTIVE RELAYING" Ref="185"></P>
<P Id="9" Name="5PCT VOLT RED" Ref="186"></P>
<P Id="10" Name="BK ALRM" Ref="187"></P>
<P Id="11" Name="BATTERY" Ref="188"></P>
<P Id="12" Name="LOCAL/REMOTE" Ref="189"></P>
<P Id="13" Name="SPARE" Ref="190"></P>
<P Id="14" Name="SPARE" Ref="191"></P>
<P Id="15" Name="SPARE" Ref="192"></P>
<P Id="16" Name="SPARE" Ref="193"></P>
<P Id="17" Name="SPARE" Ref="194"></P>
<P Id="18" Name="SPARE" Ref="195"></P>
<P Id="19" Name="SPARE" Ref="196"></P>
<P Id="20" Name="SPARE" Ref="197"></P>
<P Id="21" Name="SPARE" Ref="198"></P>
<P Id="22" Name="SPARE" Ref="199"></P>
<P Id="23" Name="SPARE" Ref="200"></P>
<P Id="24" Name="SPARE" Ref="201"></P>
<P Id="25" Name="SPARE" Ref="202"></P>
<P Id="26" Name="SPARE" Ref="203"></P>
<P Id="27" Name="SPARE" Ref="204"></P>
<P Id="28" Name="SPARE" Ref="115"></P>
<P Id="29" Name="SPARE" Ref="116"></P>
<P Id="30" Name="SPARE" Ref="117"></P>
<P Id="31" Name="SPARE" Ref="118"></P>
<P Id="32" Name="SPARE" Ref="119"></P>
<P Id="33" Name="SPARE" Ref="120"></P>
<P Id="34" Name="SPARE" Ref="121"></P>
<P Id="35" Name="67400 VCB" Ref="122"></P>
<P Id="36" Name="67401 VCB" Ref="123"></P>
<P Id="37" Name="67399 ACB" Ref="124"></P>
<P Id="38" Name="67398 ACB" Ref="125"></P>
<P Id="39" Name="BK 2 VCB" Ref="126"></P>
<P Id="40" Name="BT VCB" Ref="127"></P>
<P Id="41" Name="BK 1 VCB" Ref="128"></P>
<P Id="42" Name="SPT COMM FAIL" Ref="206"></P>
</OBJECT>
<OBJECT Id="12">
<P Id="0">
<F Id="0" Name="SPARE" Ref="142"></F>
<F Id="1" Name="SPARE" Ref="143"></F>
</P>
<P Id="1">
<F Id="0" Name="Z52 LBSW OPEN" Ref="144"></F>
<F Id="1" Name="Z52 LBSW  CLOSE" Ref="145"></F>
</P>
<P Id="2">
<F Id="0" Name="NO 6 LBSW OPEN" Ref="146"></F>
<F Id="1" Name="NO 6 LBSW CLOSE" Ref="147"></F>
</P>
<P Id="3">
<F Id="0" Name="R144 LBSW OPEN" Ref="148"></F>
<F Id="1" Name="R144 LBSW CLOSE" Ref="149"></F>
</P>
<P Id="4">
<F Id="0" Name="BK 1 VCB  OPEN" Ref="150"></F>
<F Id="1" Name="BK 1 VCB  CLOSE" Ref="151"></F>
</P>
<P Id="5">
<F Id="0" Name="BK 2 VCB OPEN" Ref="152"></F>
<F Id="1" Name="BK 2 VCB  CLOSE" Ref="153"></F>
</P>
<P Id="6">
<F Id="0" Name="BT VCB OPEN" Ref="154"></F>
<F Id="1" Name="BT VCB CLOSE" Ref="155"></F>
</P>
<P Id="7">
<F Id="0" Name="67400 VCB OPEN" Ref="156"></F>
<F Id="1" Name="67400 VCB CLOSE" Ref="157"></F>
</P>
<P Id="8">
<F Id="0" Name="67401 VCB OPEN" Ref="159"></F>
<F Id="1" Name="67401 VCB CLOSE" Ref="160"></F>
</P>
<P Id="9">
<F Id="0" Name="67399 ACB OPEN" Ref="161"></F>
<F Id="1" Name="67399 ACB  CLOSE" Ref="162"></F>
</P>
<P Id="10">
<F Id="0" Name="67398 ACB OPEN" Ref="163"></F>
<F Id="1" Name="67398 ACB  CLOSE" Ref="164"></F>
</P>
<P Id="11">
<F Id="0" Name="5PCT VOLT RED OFF" Ref="165"></F>
<F Id="1" Name="5PCT VOLT RED  ON" Ref="166"></F>
</P>
<P Id="12">
<F Id="0" Name="ADAPTIVE RELAYING OFF" Ref="167"></F>
<F Id="1" Name="ADAPTIVE RELAYING ON" Ref="168"></F>
</P>
<P Id="13">
<F Id="0" Name="SPARE" Ref="169"></F>
<F Id="1" Name="SPARE" Ref="170"></F>
</P>
<P Id="14">
<F Id="0" Name="SPARE" Ref="171"></F>
<F Id="1" Name="SPARE" Ref="172"></F>
</P>
<P Id="15">
<F Id="0" Name="SPARE" Ref="173"></F>
<F Id="1" Name="SPARE" Ref="174"></F>
</P>
</OBJECT>
<OBJECT Id="30">
<P Id="0" Name="AD CALIBRATION" Ref="131"></P>
<P Id="1" Name="12.5 kV" Ref="132"></P>
<P Id="2" Name="BK 1 MW" Ref="133"></P>
<P Id="3" Name="BK 1 MVAR" Ref="134"></P>
<P Id="4" Name="BK 2 MW" Ref="136"></P>
<P Id="5" Name="BK 2 MVAR" Ref="137"></P>
<P Id="6" Name="SPARE" Ref="138"></P>
<P Id="7" Name="SPARE" Ref="139"></P>
</OBJECT>
</DEVICE>
</LINE>
</PROTOCOL>
</DIRECTION>
<DIRECTION Id="1" Key="108">
<PROTOCOL Id="9" Key="109">
<LINE Id="2" Key="110">
<Interface>0</Interface>
<BaudRate>2400</BaudRate>
<SwitchedRX>0</SwitchedRX>
<SwitchedTX>0</SwitchedTX>
<PostTransmissionDelay>1</PostTransmissionDelay>
<DEVICE Id="4" Key="111" Name="Lacey_S9000">
<REQUEST Id="0" Key="112">
<Function>5</Function>
<Variation>1</Variation>
<XCount>1</XCount>
<YCount>2</YCount>
</REQUEST>
<OBJECT Id="1" Key="113">
<GROUP Id="0" Key="114">
<P Id="28" Key="115" Name="SPARE"></P>
<P Id="29" Key="116" Name="SPARE"></P>
<P Id="30" Key="117" Name="SPARE"></P>
<P Id="31" Key="118" Name="SPARE"></P>
<P Id="32" Key="119" Name="SPARE"></P>
<P Id="33" Key="120" Name="SPARE"></P>
<P Id="34" Key="121" Name="SPARE"></P>
<P Id="35" Key="122" Name="67400 VCB"></P>
<P Id="36" Key="123" Name="67401 VCB"></P>
<P Id="37" Key="124" Name="67399 ACB"></P>
<P Id="38" Key="125" Name="67398 ACB"></P>
<P Id="39" Key="126" Name="BK 2 VCB"></P>
<P Id="40" Key="127" Name="BT VCB"></P>
<P Id="41" Key="128" Name="BK 1 VCB"></P>
</GROUP>
</OBJECT>
<OBJECT Id="2" Key="129">
<GROUP Id="0" Key="130">
<P Id="0" Key="131" Name="AD CALIBRATION"></P>
<P Id="1" Key="132" Name="12.5 kV"></P>
<P Id="2" Key="133" Name="BK 1 MW"></P>
<P Id="3" Key="134" Name="BK 1 MVAR"></P>
</GROUP>
<GROUP Id="1" Key="135">
<P Id="0" Key="136" Name="BK 2 MW"></P>
<P Id="1" Key="137" Name="BK 2 MVAR"></P>
<P Id="2" Key="138" Name="SPARE"></P>
<P Id="3" Key="139" Name="SPARE"></P>
</GROUP>
</OBJECT>
<OBJECT Id="4" Key="140">
<GROUP Id="0" Key="141">
<P Id="0" Key="142" Name="SPARE"></P>
<P Id="1" Key="143" Name="SPARE"></P>
<P Id="2" Key="144" Name="Z52 LBSW OPEN"></P>
<P Id="3" Key="145" Name="Z52 LBSW  CLOSE"></P>
<P Id="4" Key="146" Name="NO 6 LBSW OPEN"></P>
<P Id="5" Key="147" Name="NO 6 LBSW CLOSE"></P>
<P Id="6" Key="148" Name="R144 LBSW OPEN"></P>
<P Id="7" Key="149" Name="R144 LBSW CLOSE"></P>
<P Id="8" Key="150" Name="BK 1 VCB  OPEN"></P>
<P Id="9" Key="151" Name="BK 1 VCB  CLOSE"></P>
<P Id="10" Key="152" Name="BK 2 VCB OPEN"></P>
<P Id="11" Key="153" Name="BK 2 VCB  CLOSE"></P>
<P Id="12" Key="154" Name="BT VCB OPEN"></P>
<P Id="13" Key="155" Name="BT VCB CLOSE"></P>
<P Id="14" Key="156" Name="67400 VCB OPEN"></P>
<P Id="15" Key="157" Name="67400 VCB CLOSE"></P>
</GROUP>
<GROUP Id="1" Key="158">
<P Id="0" Key="159" Name="67401 VCB OPEN"></P>
<P Id="1" Key="160" Name="67401 VCB CLOSE"></P>
<P Id="2" Key="161" Name="67399 ACB OPEN"></P>
<P Id="3" Key="162" Name="67399 ACB  CLOSE"></P>
<P Id="4" Key="163" Name="67398 ACB OPEN"></P>
<P Id="5" Key="164" Name="67398 ACB  CLOSE"></P>
<P Id="6" Key="165" Name="5PCT VOLT RED OFF"></P>
<P Id="7" Key="166" Name="5PCT VOLT RED  ON"></P>
<P Id="8" Key="167" Name="ADAPTIVE RELAYING OFF"></P>
<P Id="9" Key="168" Name="ADAPTIVE RELAYING ON"></P>
<P Id="10" Key="169" Name="SPARE"></P>
<P Id="11" Key="170" Name="SPARE"></P>
<P Id="12" Key="171" Name="SPARE"></P>
<P Id="13" Key="172" Name="SPARE"></P>
<P Id="14" Key="173" Name="SPARE"></P>
<P Id="15" Key="174" Name="SPARE"></P>
</GROUP>
</OBJECT>
<OBJECT Id="7" Key="175">
<GROUP Id="0" Key="176">
<P Id="0" Key="177" Name="Z52 LBSW"></P>
<P Id="1" Key="178" Name="Z52 LBSW"></P>
<P Id="2" Key="179" Name="NO 6 LBSW"></P>
<P Id="3" Key="180" Name="NO 6 LBSW"></P>
<P Id="4" Key="181" Name="R144 LBSW"></P>
<P Id="5" Key="182" Name="R144 LBSW"></P>
<P Id="6" Key="183" Name="SPARE"></P>
<P Id="7" Key="184" Name="SPARE"></P>
<P Id="8" Key="185" Name="ADAPTIVE RELAYING"></P>
<P Id="9" Key="186" Name="5PCT VOLT RED"></P>
<P Id="10" Key="187" Name="BK ALRM"></P>
<P Id="11" Key="188" Name="BATTERY"></P>
<P Id="12" Key="189" Name="LOCAL/REMOTE"></P>
<P Id="13" Key="190" Name="SPARE"></P>
<P Id="14" Key="191" Name="SPARE"></P>
<P Id="15" Key="192" Name="SPARE"></P>
<P Id="16" Key="193" Name="SPARE"></P>
<P Id="17" Key="194" Name="SPARE"></P>
<P Id="18" Key="195" Name="SPARE"></P>
<P Id="19" Key="196" Name="SPARE"></P>
<P Id="20" Key="197" Name="SPARE"></P>
<P Id="21" Key="198" Name="SPARE"></P>
<P Id="22" Key="199" Name="SPARE"></P>
<P Id="23" Key="200" Name="SPARE"></P>
<P Id="24" Key="201" Name="SPARE"></P>
<P Id="25" Key="202" Name="SPARE"></P>
<P Id="26" Key="203" Name="SPARE"></P>
<P Id="27" Key="204" Name="SPARE"></P>
</GROUP>
</OBJECT>
<OBJECT Id="16384" Key="205">
<P Id="0" Key="206" Name="SPT COMM FAIL"></P>
</OBJECT>
</DEVICE>
</LINE>
</PROTOCOL>
</DIRECTION>
</SPT>
