<SPT Id="1">
<DIRECTION Id="0">
<PROTOCOL Id="1">
<LINE Id="1">
<Interface>0</Interface>
<BaudRate>9600</BaudRate>
<SwitchedRX>0</SwitchedRX>
<SwitchedTX>0</SwitchedTX>
<DEVICE Id="10237" Name="toEMS">
<OBJECT Id="1">
<P Id="0" Ref="118"></P>
<P Id="1" Ref="119"></P>
<P Id="2" Ref="120"></P>
<P Id="3" Ref="121"></P>
<P Id="4" Ref="122"></P>
<P Id="5" Ref="123"></P>
<P Id="6" Ref="124"></P>
<P Id="7" Ref="125"></P>
<P Id="8" Ref="126"></P>
<P Id="9" Ref="127"></P>
<P Id="10" Ref="128"></P>
<P Id="11" Ref="129"></P>
<P Id="12" Ref="130"></P>
<P Id="13" Ref="131"></P>
<P Id="14" Ref="187"></P>
<P Id="15" Ref="188"></P>
<P Id="16" Ref="189"></P>
<P Id="17" Ref="190"></P>
<P Id="18" Ref="191"></P>
<P Id="19" Ref="192"></P>
<P Id="20" Ref="193"></P>
<P Id="21" Ref="194"></P>
<P Id="22" Ref="195"></P>
<P Id="23" Ref="196"></P>
<P Id="24" Ref="197"></P>
<P Id="25" Ref="198"></P>
<P Id="26" Ref="199"></P>
<P Id="27" Ref="200"></P>
<P Id="29"></P>
<P Id="30"></P>
<P Id="31"></P>
<P Id="32"></P>
<P Id="33"></P>
<P Id="34"></P>
<P Id="35"></P>
<P Id="36"></P>
<P Id="37"></P>
<P Id="38"></P>
<P Id="39"></P>
<P Id="40"></P>
<P Id="41"></P>
<P Id="42" Ref="216"></P>
</OBJECT>
<OBJECT Id="12">
<P Id="0">
<F Id="0" Ref="152"></F>
<F Id="1" Ref="153"></F>
</P>
<P Id="1">
<F Id="0" Ref="154"></F>
<F Id="1" Ref="155"></F>
</P>
<P Id="2">
<F Id="0" Ref="156"></F>
<F Id="1" Ref="157"></F>
</P>
<P Id="3">
<F Id="0" Ref="158"></F>
<F Id="1" Ref="159"></F>
</P>
<P Id="4">
<F Id="0" Ref="160"></F>
<F Id="1" Ref="161"></F>
</P>
<P Id="5">
<F Id="0" Ref="162"></F>
<F Id="1" Ref="163"></F>
</P>
<P Id="6">
<F Id="0" Ref="164"></F>
<F Id="1" Ref="165"></F>
</P>
<P Id="7">
<F Id="0" Ref="166"></F>
<F Id="1" Ref="167"></F>
</P>
<P Id="8">
<F Id="0" Ref="169"></F>
<F Id="1" Ref="170"></F>
</P>
<P Id="9">
<F Id="0" Ref="171"></F>
<F Id="1" Ref="172"></F>
</P>
<P Id="10">
<F Id="0" Ref="173"></F>
<F Id="1" Ref="174"></F>
</P>
<P Id="11">
<F Id="0" Ref="175"></F>
<F Id="1" Ref="176"></F>
</P>
<P Id="12">
<F Id="0" Ref="177"></F>
<F Id="1" Ref="178"></F>
</P>
<P Id="13">
<F Id="0" Ref="179"></F>
<F Id="1" Ref="180"></F>
</P>
<P Id="14">
<F Id="0" Ref="181"></F>
<F Id="1" Ref="182"></F>
</P>
<P Id="15">
<F Id="0"></F>
<F Id="1"></F>
</P>
</OBJECT>
<OBJECT Id="30">
<P Id="0" Ref="136"></P>
<P Id="1" Ref="137"></P>
<P Id="2" Ref="138"></P>
<P Id="3" Ref="139"></P>
<P Id="4" Ref="141"></P>
<P Id="5" Ref="142"></P>
<P Id="6" Ref="143"></P>
<P Id="7" Ref="144"></P>
<P Id="8" Ref="146"></P>
<P Id="9" Ref="147"></P>
<P Id="10" Ref="148"></P>
<P Id="11" Ref="149"></P>
</OBJECT>
</DEVICE>
</LINE>
</PROTOCOL>
</DIRECTION>
<DIRECTION Id="1" Key="111">
<PROTOCOL Id="9" Key="112">
<LINE Id="2" Key="113">
<Interface>0</Interface>
<BaudRate>1200</BaudRate>
<DEVICE Id="3" Key="114" Name="Millhurst_TRWS9">
<REQUEST Id="0" Key="115">
<Function>5</Function>
<Variation>1</Variation>
<XCount>1</XCount>
<YCount>3</YCount>
</REQUEST>
<OBJECT Id="1" Key="116">
<GROUP Id="0" Key="117">
<P Id="0" Key="118" Name="BK_1_VCB"></P>
<P Id="1" Key="119" Name="47417_VCB"></P>
<P Id="2" Key="120" Name="BT_VCB"></P>
<P Id="3" Key="121" Name="BK_2_VCB"></P>
<P Id="4" Key="122" Name="47418_VCB"></P>
<P Id="5" Key="123" Name="47419_VCB"></P>
<P Id="6" Key="124" Name="47416_VCB"></P>
<P Id="7" Key="125" Name="47415_VCB"></P>
<P Id="8" Key="126" Name="DIAL_IN_ACCESS"></P>
<P Id="9" Key="127" Name="BK_1_CKT_INT_CI_2"></P>
<P Id="10" Key="128" Name="SPARE"></P>
<P Id="11" Key="129" Name="SPARE"></P>
<P Id="12" Key="130" Name="SPARE"></P>
<P Id="13" Key="131" Name="SPARE"></P>
<P Id="14" Key="132"></P>
<P Id="15" Key="133"></P>
</GROUP>
</OBJECT>
<OBJECT Id="2" Key="134">
<GROUP Id="0" Key="135">
<P Id="0" Key="136" Name="SPARE"></P>
<P Id="1" Key="137" Name="SPARE"></P>
<P Id="2" Key="138" Name="BK_1_MW"></P>
<P Id="3" Key="139" Name="BK_1_MVAR"></P>
</GROUP>
<GROUP Id="1" Key="140">
<P Id="0" Key="141" Name="BK_2_MW"></P>
<P Id="1" Key="142" Name="BK_2_MVAR"></P>
<P Id="2" Key="143" Name="47416_PHASE_A_AMPS"></P>
<P Id="3" Key="144" Name="47416_PHASE_B_AMPS"></P>
</GROUP>
<GROUP Id="2" Key="145">
<P Id="0" Key="146" Name="47416_PHASE_C_AMPS"></P>
<P Id="1" Key="147" Name="47417_PHASE_A_AMPS"></P>
<P Id="2" Key="148" Name="47417_PHASE_B_AMPS"></P>
<P Id="3" Key="149" Name="47417_PHASE_C_AMPS"></P>
</GROUP>
</OBJECT>
<OBJECT Id="4" Key="150">
<GROUP Id="1" Key="151">
<P Id="0" Key="152" Name="DIAL_IN_ACCESS_ON"></P>
<P Id="1" Key="153" Name="DIAL_IN_ACCESS_OFF">
<Invert>0</Invert>
</P>
<P Id="2" Key="154" Name="I87_LBSW_OPEN"></P>
<P Id="3" Key="155" Name="I87_LBSW_CLOSE"></P>
<P Id="4" Key="156" Name="NO_6_LBSW_OPEN"></P>
<P Id="5" Key="157" Name="NO_6_LBSW_CLOSE"></P>
<P Id="6" Key="158" Name="A53_LBSW_OPEN"></P>
<P Id="7" Key="159" Name="A53_LBSW_CLOSE"></P>
<P Id="8" Key="160" Name="BK_1_VCB_OPEN"></P>
<P Id="9" Key="161" Name="BK_1_VCB_CLOSE"></P>
<P Id="10" Key="162" Name="47417_VCB_OPEN"></P>
<P Id="11" Key="163" Name="47417_VCB_CLOSE"></P>
<P Id="12" Key="164" Name="BT_VCB_OPEN"></P>
<P Id="13" Key="165" Name="BT_VCB_CLOSE"></P>
<P Id="14" Key="166" Name="BK_2_VCB_OPEN"></P>
<P Id="15" Key="167" Name="BK_2_VCB_CLOSE"></P>
</GROUP>
<GROUP Id="2" Key="168">
<P Id="0" Key="169" Name="47418_VCB_OPEN"></P>
<P Id="1" Key="170" Name="47418_VCB_CLOSE"></P>
<P Id="2" Key="171" Name="47419_VCB_OPEN"></P>
<P Id="3" Key="172" Name="47419_VCB_CLOSE"></P>
<P Id="4" Key="173" Name="47416_VCB_OPEN"></P>
<P Id="5" Key="174" Name="47416_VCB_CLOSE"></P>
<P Id="6" Key="175" Name="CAP_1_VCB_OPEN"></P>
<P Id="7" Key="176" Name="CAP_1_VCB_CLOSE"></P>
<P Id="8" Key="177" Name="47415_VCB_OPEN"></P>
<P Id="9" Key="178" Name="47415_VCB_CLOSE"></P>
<P Id="10" Key="179" Name="BK_1_CKT_INT_CI_2_OPEN"></P>
<P Id="11" Key="180" Name="BK_1_CKT_INT_CI_2_CLOSE"></P>
<P Id="12" Key="181" Name="ADAPTIVE_RELAYING_OFF"></P>
<P Id="13" Key="182" Name="ADAPATIVE_RELAYING_ON"></P>
<P Id="14" Key="183"></P>
<P Id="15" Key="184"></P>
</GROUP>
</OBJECT>
<OBJECT Id="7" Key="185">
<GROUP Id="0" Key="186">
<P Id="14" Key="187" Name="I87_LBSW"></P>
<P Id="15" Key="188" Name="I87_LBSW"></P>
<P Id="16" Key="189" Name="NO_6_LBSW"></P>
<P Id="17" Key="190" Name="NO_6_LBSW"></P>
<P Id="18" Key="191" Name="A53_LBSW"></P>
<P Id="19" Key="192" Name="A53_LBSW"></P>
<P Id="20" Key="193" Name="BK_1_ALRM"></P>
<P Id="21" Key="194" Name="BK_2_ALRM"></P>
<P Id="22" Key="195" Name="CAP_1_VCB"></P>
<P Id="23" Key="196" Name="DX_RELAY_FAIL"></P>
<P Id="24" Key="197" Name="LOSS_OF_POTENTIAL"></P>
<P Id="25" Key="198" Name="BK_1_CKT_INT_CI_2_SEL_TRBL"></P>
<P Id="26" Key="199" Name="ADAPTIVE_RELAYING"></P>
<P Id="27" Key="200" Name="LOCAL_REMOTE"></P>
<P Id="29" Key="201"></P>
<P Id="30" Key="202"></P>
<P Id="31" Key="203"></P>
<P Id="32" Key="204"></P>
<P Id="33" Key="205"></P>
<P Id="34" Key="206"></P>
<P Id="35" Key="207"></P>
<P Id="36" Key="208"></P>
<P Id="37" Key="209"></P>
<P Id="38" Key="210"></P>
<P Id="39" Key="211"></P>
<P Id="40" Key="212"></P>
<P Id="41" Key="213"></P>
<P Id="42" Key="214"></P>
</GROUP>
</OBJECT>
<OBJECT Id="16384" Key="215">
<P Id="0" Key="216" Name="SPT_COMM_FAIL"></P>
</OBJECT>
</DEVICE>
</LINE>
</PROTOCOL>
</DIRECTION>
</SPT>
