<SPT Id="1">
<DIRECTION Id="0">
<PROTOCOL Id="1">
<LINE Id="1">
<Interface>0</Interface>
<BaudRate>38400</BaudRate>
<SwitchedRX>0</SwitchedRX>
<SwitchedTX>0</SwitchedTX>
<DEVICE Id="20289" Name="toEMS">
<OBJECT Id="1">
<P Id="0" Ref="80"></P>
<P Id="1" Ref="81"></P>
<P Id="2" Ref="82"></P>
<P Id="3" Ref="83"></P>
<P Id="4" Ref="84"></P>
<P Id="5" Ref="85"></P>
<P Id="6" Ref="86"></P>
<P Id="7" Ref="87"></P>
<P Id="8" Ref="88"></P>
<P Id="9" Ref="89"></P>
<P Id="10" Ref="90"></P>
<P Id="11" Ref="91"></P>
<P Id="12" Ref="92"></P>
<P Id="13" Ref="93"></P>
<P Id="14" Ref="94"></P>
<P Id="15" Ref="95"></P>
<P Id="16" Ref="71"></P>
<P Id="17" Ref="72"></P>
<P Id="18" Ref="73"></P>
<P Id="19" Ref="74"></P>
<P Id="20" Ref="75"></P>
<P Id="21" Ref="76"></P>
<P Id="22" Ref="77"></P>
<P Id="23" Ref="78"></P>
</OBJECT>
<OBJECT Id="12">
<P Id="0">
<F Id="0" Ref="131"></F>
<F Id="1" Ref="132"></F>
</P>
<P Id="1">
<F Id="0" Ref="134"></F>
<F Id="1" Ref="135"></F>
</P>
<P Id="2">
<F Id="0" Ref="137"></F>
<F Id="1" Ref="138"></F>
</P>
</OBJECT>
<OBJECT Id="30">
<P Id="0" Ref="97"></P>
<P Id="1" Ref="98"></P>
<P Id="2" Ref="99"></P>
<P Id="3" Ref="100"></P>
<P Id="4" Ref="101"></P>
<P Id="5" Ref="102"></P>
<P Id="6" Ref="103"></P>
<P Id="7"></P>
<P Id="8"></P>
<P Id="9"></P>
<P Id="10"></P>
<P Id="11"></P>
<P Id="12"></P>
<P Id="13"></P>
<P Id="14"></P>
<P Id="15"></P>
<P Id="16"></P>
<P Id="17"></P>
<P Id="18"></P>
<P Id="19"></P>
<P Id="20"></P>
<P Id="21"></P>
<P Id="22"></P>
<P Id="23"></P>
<P Id="24"></P>
<P Id="25"></P>
<P Id="26"></P>
<P Id="27"></P>
<P Id="28"></P>
<P Id="29"></P>
<P Id="30"></P>
<P Id="31"></P>
</OBJECT>
</DEVICE>
</LINE>
</PROTOCOL>
</DIRECTION>
<DIRECTION Id="1" Key="64">
<PROTOCOL Id="6" Key="65">
<LINE Id="3" Key="66">
<Interface>0</Interface>
<BaudRate>1200</BaudRate>
<PostTransmissionDelay>1</PostTransmissionDelay>
<SwitchedRX>1</SwitchedRX>
<SwitchedTX>1</SwitchedTX>
<DEVICE Id="2" Key="67" Name="Gore Junction_CDC_8890">
<REQUEST Id="0" Key="68">
<Function>3</Function>
<Variation>1</Variation>
</REQUEST>
<OBJECT Id="1" Key="69">
<P Id="0" Key="70">
<F Id="0" Key="71" Name="BK_1_VCB"></F>
<F Id="1" Key="72" Name="BT_VCB"></F>
<F Id="2" Key="73" Name="47426_VCB"></F>
<F Id="3" Key="74" Name="47427_VCB"></F>
<F Id="4" Key="75" Name="BK_2_VCB"></F>
<F Id="5" Key="76" Name="47428_VCB"></F>
<F Id="6" Key="77" Name="47429_VCB"></F>
<F Id="7" Key="78" Name="SPARE"></F>
</P>
</OBJECT>
<OBJECT Id="3" Key="1300">
<P Id="48" Key="79">
<F Id="0" Key="80" Name="LOCAL_REMOTE"></F>
<F Id="1" Key="81" Name="BATTERY"></F>
<F Id="2" Key="82" Name="M139_1_LBSW"></F>
<F Id="3" Key="83" Name="M139_1_LBSW"></F>
<F Id="4" Key="84" Name="NO_6_LBSW"></F>
<F Id="5" Key="85" Name="NO_6_LBSW"></F>
<F Id="6" Key="86" Name="M139_2_LBSW"></F>
<F Id="7" Key="87" Name="M139_2_LBSW"></F>
<F Id="8" Key="88" Name="BK_1"></F>
<F Id="9" Key="89" Name="BK_2"></F>
<F Id="10" Key="90" Name="ADAPTIVE_RELAYING"></F>
<F Id="11" Key="91" Name="5PCT_VOLT_RED"></F>
<F Id="12" Key="92" Name="SPARE"></F>
<F Id="13" Key="93" Name="SPARE"></F>
<F Id="14" Key="94" Name="SPARE"></F>
<F Id="15" Key="95" Name="SPARE"></F>
</P>
</OBJECT>
<OBJECT Id="6" Key="1901">
<P Id="128" Key="97" Name="SPARE"></P>
<P Id="129" Key="98" Name="SPARE"></P>
<P Id="130" Key="99" Name="BANK_2_MW"></P>
<P Id="131" Key="100" Name="BANK_2_MVAR"></P>
<P Id="132" Key="101" Name="BANK_2_KV"></P>
<P Id="133" Key="102" Name="BANK_1_MW"></P>
<P Id="134" Key="103" Name="BANK_1_MVAR"></P>
<P Id="135" Key="104" Name=""></P>
<P Id="136" Key="105" Name=""></P>
<P Id="137" Key="106" Name=""></P>
<P Id="138" Key="107" Name=""></P>
<P Id="139" Key="108" Name=""></P>
<P Id="140" Key="109" Name=""></P>
<P Id="141" Key="110" Name=""></P>
<P Id="142" Key="111" Name=""></P>
<P Id="143" Key="112" Name=""></P>
<P Id="144" Key="113" Name=""></P>
<P Id="145" Key="114" Name=""></P>
<P Id="146" Key="115" Name=""></P>
<P Id="147" Key="116" Name=""></P>
<P Id="148" Key="117" Name=""></P>
<P Id="149" Key="118" Name=""></P>
<P Id="150" Key="119" Name=""></P>
<P Id="151" Key="120" Name=""></P>
<P Id="152" Key="121" Name=""></P>
<P Id="153" Key="122" Name=""></P>
<P Id="154" Key="123" Name=""></P>
<P Id="155" Key="124" Name=""></P>
<P Id="156" Key="125" Name=""></P>
<P Id="157" Key="126" Name=""></P>
<P Id="158" Key="127" Name=""></P>
<P Id="159" Key="128" Name=""></P>
</OBJECT>
<OBJECT Id="9" Key="1902">
<P Id="0" Key="130" Name="M139_1_LBSW">
<F Id="0" Key="131"></F>
<F Id="1" Key="132"></F>
</P>
<P Id="1" Key="133" Name="NO_6_LBSW">
<F Id="0" Key="134"></F>
<F Id="1" Key="135"></F>
</P>
<P Id="2" Key="136" Name="M139_2_LBSW">
<F Id="0" Key="137"></F>
<F Id="1" Key="138"></F>
</P>
</OBJECT>
<OBJECT Id="16384" Key="1903">
<P Id="0" Key="3000" Name="SPT_COMM_FAIL"></P>
</OBJECT>
</DEVICE>
</LINE>
</PROTOCOL>
</DIRECTION>
</SPT>