<SPT Id="1">
<DIRECTION Id="0">
<PROTOCOL Id="1">
<LINE Id="1">
<Interface>0</Interface>
<BaudRate>9600</BaudRate>
<SwitchedRX>0</SwitchedRX>
<SwitchedTX>0</SwitchedTX>
<DEVICE Id="10236" Name="toEMS">
<OBJECT Id="1">
<P Id="0" Ref="90"></P>
<P Id="1" Ref="91"></P>
<P Id="2" Ref="92"></P>
<P Id="3" Ref="93"></P>
<P Id="4" Ref="94"></P>
<P Id="5" Ref="95"></P>
<P Id="6" Ref="96"></P>
<P Id="7" Ref="97"></P>
<P Id="8"></P>
<P Id="9"></P>
<P Id="10" Ref="100"></P>
<P Id="11" Ref="101"></P>
<P Id="12" Ref="102"></P>
<P Id="13" Ref="103"></P>
<P Id="14" Ref="104"></P>
<P Id="15" Ref="105"></P>
<P Id="16" Ref="107"></P>
<P Id="17" Ref="108"></P>
<P Id="18" Ref="109"></P>
<P Id="19" Ref="110"></P>
<P Id="20" Ref="111"></P>
<P Id="21" Ref="112"></P>
<P Id="22" Ref="113"></P>
<P Id="23" Ref="114"></P>
<P Id="24" Ref="115"></P>
<P Id="25" Ref="116"></P>
<P Id="26" Ref="117"></P>
<P Id="27" Ref="118"></P>
<P Id="28" Ref="119"></P>
<P Id="29" Ref="120"></P>
<P Id="30" Ref="121"></P>
<P Id="31" Ref="122"></P>
<P Id="32" Ref="71"></P>
<P Id="33" Ref="72"></P>
<P Id="34" Ref="73"></P>
<P Id="35" Ref="74"></P>
<P Id="36" Ref="75"></P>
<P Id="37" Ref="76"></P>
<P Id="38" Ref="77"></P>
<P Id="39" Ref="78"></P>
<P Id="40" Ref="80"></P>
<P Id="41" Ref="81"></P>
<P Id="42" Ref="82"></P>
<P Id="43" Ref="83"></P>
<P Id="44" Ref="84"></P>
<P Id="45" Ref="85"></P>
<P Id="46" Ref="86"></P>
<P Id="47" Ref="87"></P>
</OBJECT>
<OBJECT Id="12">
<P Id="0">
<F Id="0" Ref="137"></F>
<F Id="1" Ref="138"></F>
</P>
<P Id="1">
<F Id="0" Ref="140"></F>
<F Id="1" Ref="141"></F>
</P>
<P Id="2">
<F Id="0" Ref="143"></F>
<F Id="1" Ref="144"></F>
</P>
<P Id="3">
<F Id="0" Ref="146"></F>
<F Id="1" Ref="147"></F>
</P>
<P Id="4">
<F Id="0" Ref="149"></F>
<F Id="1" Ref="150"></F>
</P>
<P Id="8">
<F Id="0" Ref="152"></F>
<F Id="1" Ref="153"></F>
</P>
<P Id="9">
<F Id="0" Ref="155"></F>
<F Id="1" Ref="156"></F>
</P>
<P Id="10">
<F Id="0" Ref="158"></F>
<F Id="1" Ref="159"></F>
</P>
<P Id="11">
<F Id="0" Ref="161"></F>
<F Id="1" Ref="162"></F>
</P>
<P Id="12">
<F Id="0" Ref="164"></F>
<F Id="1" Ref="165"></F>
</P>
</OBJECT>
<OBJECT Id="30">
<P Id="0" Ref="124"></P>
<P Id="1" Ref="125"></P>
<P Id="2" Ref="126"></P>
<P Id="3" Ref="127"></P>
<P Id="4" Ref="128"></P>
<P Id="5" Ref="129"></P>
<P Id="6" Ref="130"></P>
<P Id="7" Ref="131"></P>
<P Id="8" Ref="132"></P>
<P Id="9" Ref="133"></P>
<P Id="10" Ref="134"></P>
</OBJECT>
</DEVICE>
</LINE>
</PROTOCOL>
</DIRECTION>
<DIRECTION Id="1" Key="64">
<PROTOCOL Id="6" Key="65">
<LINE Id="3" Key="66">
<Interface>0</Interface>
<BaudRate>1200</BaudRate>
<PostTransmissionDelay>1</PostTransmissionDelay>
<SwitchedRX>1</SwitchedRX>
<SwitchedTX>1</SwitchedTX>
<DEVICE Id="4" Key="67" Name="Matawan_CDC_44-550">
<REQUEST Id="0" Key="68">
<Function>3</Function>
<Variation>1</Variation>
</REQUEST>
<OBJECT Id="1" Key="69">
<P Id="0" Key="70">
<F Id="0" Key="71" Name="43175_OCB"></F>
<F Id="1" Key="72" Name="43176_OCB"></F>
<F Id="2" Key="73" Name="43484_OCB"></F>
<F Id="3" Key="74" Name="SPARE"></F>
<F Id="4" Key="75" Name="SPARE"></F>
<F Id="5" Key="76" Name="SPARE"></F>
<F Id="6" Key="77" Name="SPARE"></F>
<F Id="7" Key="78" Name="SPARE"></F>
</P>
<P Id="1" Key="79">
<F Id="0" Key="80" Name="43175_OCB"></F>
<F Id="1" Key="81" Name="43176_OCB"></F>
<F Id="2" Key="82" Name="43484_OCB"></F>
<F Id="3" Key="83" Name="SPARE"></F>
<F Id="4" Key="84" Name="SPARE"></F>
<F Id="5" Key="85" Name="SPARE"></F>
<F Id="6" Key="86" Name="SPARE"></F>
<F Id="7" Key="87" Name="SPARE"></F>
</P>
</OBJECT>
<OBJECT Id="3" Key="1300">
<P Id="48" Key="89">
<F Id="0" Key="90" Name="LOCAL_REMOTE"></F>
<F Id="1" Key="91" Name="BATTERY"></F>
<F Id="2" Key="92" Name="BK_1_2_OIL_SPL"></F>
<F Id="3" Key="93" Name="Z104_1_LBSW"></F>
<F Id="4" Key="94" Name="Z104_1_LBSW"></F>
<F Id="5" Key="95" Name="Z104_2_LBSW"></F>
<F Id="6" Key="96" Name="Z104_2_LBSW"></F>
<F Id="7" Key="97" Name="TRIPPING_DC"></F>
<F Id="8"></F>
<F Id="9"></F>
<F Id="10" Key="100" Name="SPARE"></F>
<F Id="11" Key="101" Name="SPARE"></F>
<F Id="12" Key="102" Name="SPARE"></F>
<F Id="13" Key="103" Name="SPARE"></F>
<F Id="14" Key="104" Name="SPARE"></F>
<F Id="15" Key="105" Name="SPARE"></F>
</P>
<P Id="49" Key="106">
<F Id="0" Key="107" Name="THIS_POINT_IS_COOL"></F>
<F Id="1" Key="108" Name="BATTERY"></F>
<F Id="2" Key="109" Name="BK_1_2_OIL_SPL"></F>
<F Id="3" Key="110" Name="Z104_1_LBSW"></F>
<F Id="4" Key="111" Name="Z104_1_LBSW"></F>
<F Id="5" Key="112" Name="Z104_2_LBSW"></F>
<F Id="6" Key="113" Name="Z104_2_LBSW"></F>
<F Id="7" Key="114" Name="TRIPPING_DC"></F>
<F Id="8" Key="115" Name="SPARE"></F>
<F Id="9" Key="116" Name="SPARE"></F>
<F Id="10" Key="117" Name="SPARE"></F>
<F Id="11" Key="118" Name="SPARE"></F>
<F Id="12" Key="119" Name="SPARE"></F>
<F Id="13" Key="120" Name="SPARE"></F>
<F Id="14" Key="121" Name="SPARE"></F>
<F Id="15" Key="122" Name="SPARE"></F>
</P>
</OBJECT>
<OBJECT Id="6" Key="1902">
<P Id="128" Key="124" Name="SPARE"></P>
<P Id="129" Key="125" Name="SPARE"></P>
<P Id="130" Key="126" Name="43484_MW"></P>
<P Id="131" Key="127" Name="43484_MVAR"></P>
<P Id="132" Key="128" Name="43175_MW"></P>
<P Id="133" Key="129" Name="43175_MVAR"></P>
<P Id="134"></P>
<P Id="135"></P>
<P Id="136" Key="130" Name="UNDEFINED"></P>
<P Id="137" Key="131" Name="UNDEFINED"></P>
<P Id="138" Key="132" Name="43484_MW"></P>
</OBJECT>
<OBJECT Id="9" Key="1903">
<P Id="0" Key="136" Name="Z104_1_LBSW">
<F Id="0" Key="137"></F>
<F Id="1" Key="138"></F>
</P>
<P Id="1" Key="139" Name="Z104_2_LBSW">
<F Id="0" Key="140"></F>
<F Id="1" Key="141"></F>
</P>
<P Id="2" Key="142" Name="43175_OCB">
<F Id="0" Key="143"></F>
<F Id="1" Key="144"></F>
</P>
<P Id="3" Key="145" Name="43176_OCB">
<F Id="0" Key="146"></F>
<F Id="1" Key="147"></F>
</P>
<P Id="4" Key="148" Name="43484_OCB">
<F Id="0" Key="149"></F>
<F Id="1" Key="150"></F>
</P>
<P Id="5" Key="151">
<F Id="0" Key="152"></F>
<F Id="1" Key="153"></F>
</P>
<P Id="6" Key="154">
<F Id="0" Key="155"></F>
<F Id="1" Key="156"></F>
</P>
<P Id="7" Key="157">
<F Id="0" Key="158"></F>
<F Id="1" Key="159"></F>
</P>
<P Id="8" Key="160" Name="THIS_POINT_IS_COOL">
<F Id="0" Key="161"></F>
<F Id="1" Key="162"></F>
</P>
<P Id="9" Key="163" Name="Z104_2_LBSW">
<F Id="0" Key="164"></F>
<F Id="1" Key="165"></F>
</P>
<P Id="10" Key="166" Name="43175_OCB">
<F Id="0" Key="167"></F>
<F Id="1" Key="168"></F>
</P>
<P Id="11" Key="169" Name="43176_OCB">
<F Id="0" Key="170"></F>
<F Id="1" Key="171"></F>
</P>
<P Id="12" Key="172" Name="43484_OCB">
<F Id="0" Key="173"></F>
<F Id="1" Key="174"></F>
</P>
<P Id="13" Key="175">
<F Id="0" Key="176"></F>
<F Id="1" Key="177"></F>
</P>
<P Id="14" Key="178">
<F Id="0" Key="179"></F>
<F Id="1" Key="180"></F>
</P>
<P Id="15" Key="181">
<F Id="0" Key="182"></F>
<F Id="1" Key="183"></F>
</P>
</OBJECT>
<OBJECT Id="16384" Key="1904">
<P Id="0" Key="3000" Name="SPT_COMM_FAIL"></P>
</OBJECT>
</DEVICE>
</LINE>
</PROTOCOL>
</DIRECTION>
</SPT>