<SPT Id="1">
<DIRECTION Id="0">
<PROTOCOL Id="1">
<LINE Id="1">
<Interface>0</Interface>
<BaudRate>9600</BaudRate>
<SwitchedRX>0</SwitchedRX>
<SwitchedTX>0</SwitchedTX>
<DEVICE Id="10191" Name="toEMS">
<OBJECT Id="1">
<P Id="0" Ref="188"></P>
<P Id="1" Ref="189"></P>
<P Id="2" Ref="190"></P>
<P Id="3" Ref="191"></P>
<P Id="4" Ref="192"></P>
<P Id="5" Ref="193"></P>
<P Id="6" Ref="194"></P>
<P Id="7" Ref="195"></P>
<P Id="8" Ref="196"></P>
<P Id="9" Ref="197"></P>
<P Id="10" Ref="198"></P>
<P Id="11" Ref="199"></P>
<P Id="12" Ref="200"></P>
<P Id="13" Ref="201"></P>
<P Id="14" Ref="202"></P>
<P Id="15" Ref="203"></P>
<P Id="16" Ref="204"></P>
<P Id="17" Ref="205"></P>
<P Id="18" Ref="206"></P>
<P Id="19" Ref="207"></P>
<P Id="20" Ref="208"></P>
<P Id="21" Ref="209"></P>
<P Id="22" Ref="210"></P>
<P Id="23" Ref="211"></P>
<P Id="24" Ref="212"></P>
</OBJECT>
<OBJECT Id="12">
<P Id="0">
<F Id="0" Ref="213"></F>
<F Id="1" Ref="214"></F>
</P>
<P Id="1">
<F Id="0" Ref="215"></F>
<F Id="1" Ref="216"></F>
</P>
<P Id="2">
<F Id="0" Ref="217"></F>
<F Id="1" Ref="218"></F>
</P>
<P Id="3">
<F Id="0" Ref="219"></F>
<F Id="1" Ref="220"></F>
</P>
<P Id="4">
<F Id="0" Ref="221"></F>
<F Id="1" Ref="222"></F>
</P>
<P Id="5">
<F Id="0" Ref="223"></F>
<F Id="1" Ref="224"></F>
</P>
<P Id="6">
<F Id="0" Ref="225"></F>
<F Id="1" Ref="226"></F>
</P>
<P Id="7">
<F Id="0" Ref="227"></F>
<F Id="1" Ref="228"></F>
</P>
<P Id="8">
<F Id="0" Ref="229"></F>
<F Id="1" Ref="230"></F>
</P>
<P Id="9">
<F Id="0" Ref="231"></F>
<F Id="1" Ref="232"></F>
</P>
<P Id="10">
<F Id="0" Ref="233"></F>
<F Id="1" Ref="234"></F>
</P>
<P Id="11">
<F Id="0" Ref="235"></F>
<F Id="1" Ref="236"></F>
</P>
<P Id="12">
<F Id="0"></F>
<F Id="1"></F>
</P>
<P Id="13">
<F Id="0"></F>
<F Id="1"></F>
</P>
<P Id="14">
<F Id="0"></F>
<F Id="1"></F>
</P>
<P Id="15">
<F Id="0"></F>
<F Id="1"></F>
</P>
</OBJECT>
<OBJECT Id="30">
<P Id="0" Ref="245"></P>
<P Id="1" Ref="246"></P>
<P Id="2" Ref="247"></P>
<P Id="3" Ref="248"></P>
<P Id="4" Ref="249"></P>
<P Id="5" Ref="250"></P>
<P Id="6" Ref="251"></P>
</OBJECT>
</DEVICE>
</LINE>
</PROTOCOL>
</DIRECTION>
<DIRECTION Id="1" Key="106">
<PROTOCOL Id="49" Key="107">
<LINE Id="2" Key="108">
<Interface>0</Interface>
<BaudRate>2400</BaudRate>
<PostTransmissionDelay>1</PostTransmissionDelay>
<SwitchedRX>1</SwitchedRX>
<SwitchedTX>1</SwitchedTX>
<DEVICE Id="3" Key="109" Name="Moore_TRW_9550">
<REQUEST Id="0" Key="110">
<Function>5</Function>
<Variation>1</Variation>
</REQUEST>
<REQUEST Id="1" Key="111">
<Function>5</Function>
<Frequency>5000</Frequency>
<Count>7</Count>
<Variation>2</Variation>
</REQUEST>
<OBJECT Id="1" Key="112">
<GROUP Id="0" Key="117">
<P Id="0" Key="204" Name="BK_1_VCB"></P>
<P Id="1" Key="205" Name="BT_VCB"></P>
<P Id="2" Key="206" Name="47426_VCB"></P>
<P Id="3" Key="207" Name="47427_VCB"></P>
<P Id="4" Key="208" Name="BK_2_VCB"></P>
<P Id="5" Key="209" Name="47428_VCB"></P>
<P Id="6" Key="210" Name="47429_VCB"></P>
<P Id="7" Key="211" Name="SPARE"></P>
</GROUP>
</OBJECT>
<OBJECT Id="2" Key="1300">
<GROUP Id="0" Key="1900">
<P Id="0" Key="245" Name="SPARE"></P>
<P Id="1" Key="246" Name="SPARE"></P>
<P Id="2" Key="247" Name="BANK_2_MW"></P>
<P Id="3" Key="248" Name="BANK_2_MVAR"></P>
</GROUP>
</OBJECT>
<OBJECT Id="4" Key="1901">
<Type>1</Type>
<GROUP Id="1" Key="1902">
<P Id="0" Key="213" Name="M139_1_LBSW_CLOSE"></P>
<P Id="1" Key="214" Name="M139_1_LBSW_OPEN"></P>
<P Id="2" Key="215" Name="NO_6_LBSW_CLOSE"></P>
<P Id="3" Key="216" Name="NO_6_LBSW_OPEN"></P>
<P Id="4" Key="217" Name="M139_2_LBSW_CLOSE"></P>
<P Id="5" Key="218" Name="M139_2_LBSW_OPEN"></P>
<P Id="6" Key="219" Name="BK_1_VCB_CLOSE"></P>
<P Id="7" Key="220" Name="BK_1_VCB_OPEN"></P>
<P Id="8" Key="221" Name="BT_VCB_CLOSE"></P>
<P Id="9" Key="222" Name="BT_VCB_OPEN"></P>
<P Id="10" Key="223" Name="47426_VCB_CLOSE"></P>
<P Id="11" Key="224" Name="47426_VCB_OPEN"></P>
<P Id="12" Key="225" Name="47427_VCB_CLOSE"></P>
<P Id="13" Key="226" Name="47427_VCB_OPEN"></P>
<P Id="14" Key="227" Name="BK_2_VCB_CLOSE"></P>
<P Id="15" Key="228" Name="BK_2_VCB_OPEN"></P>
</GROUP>
<GROUP Id="2" Key="1903">
<P Id="0" Key="229" Name="47428_VCB_CLOSE"></P>
<P Id="1" Key="230" Name="47428_VCB_OPEN"></P>
<P Id="2" Key="231" Name="47429_VCB_CLOSE"></P>
<P Id="3" Key="232" Name="47429_VCB_OPEN"></P>
<P Id="4" Key="233" Name="ADAPTIVE_RELAYING_ON"></P>
<P Id="5" Key="234" Name="ADAPTIVE_RELAYING_OFF"></P>
<P Id="6" Key="235" Name="5PCT_VOLT_RED_ON"></P>
<P Id="7" Key="236" Name="5PCT_VOLT_RED_OFF"></P>
<P Id="8"></P>
<P Id="9"></P>
<P Id="10"></P>
<P Id="11"></P>
<P Id="12"></P>
<P Id="13"></P>
<P Id="14"></P>
<P Id="15"></P>
</GROUP>
</OBJECT>
<OBJECT Id="7" Key="1904">
<GROUP Id="0" Key="1905">
<P Id="0" Key="188" Name="LOCAL_REMOTE"></P>
<P Id="1" Key="189" Name="BATTERY"></P>
<P Id="2" Key="190" Name="M139_1_LBSW"></P>
<P Id="3" Key="191" Name="M139_1_LBSW"></P>
<P Id="4" Key="192" Name="NO_6_LBSW"></P>
<P Id="5" Key="193" Name="NO_6_LBSW"></P>
<P Id="6" Key="194" Name="M139_2_LBSW"></P>
<P Id="7" Key="195" Name="M139_2_LBSW"></P>
<P Id="8" Key="196" Name="BK_1"></P>
<P Id="9" Key="197" Name="BK_2"></P>
<P Id="10" Key="198" Name="ADAPTIVE_RELAYING"></P>
<P Id="11" Key="199" Name="5PCT_VOLT_RED"></P>
<P Id="12" Key="200" Name="SPARE"></P>
<P Id="13" Key="201" Name="SPARE"></P>
<P Id="14" Key="202" Name="SPARE"></P>
<P Id="15" Key="203" Name="SPARE"></P>
</GROUP>
</OBJECT>
<OBJECT Id="16384" Key="1906">
<P Id="0" Key="212" Name="SPT_COMM_FAIL"></P>
</OBJECT>
</DEVICE>
</LINE>
</PROTOCOL>
</DIRECTION>
</SPT>