<SPT Id="1">
<DIRECTION Id="0">
<PROTOCOL Id="1">
<LINE Id="1">
<Interface>0</Interface>
<BaudRate>9600</BaudRate>
<SwitchedRX>0</SwitchedRX>
<SwitchedTX>0</SwitchedTX>
<DEVICE Id="10250" Name="toEMS">
<OBJECT Id="1">
<P Id="0" Ref="118"></P>
<P Id="1" Ref="119"></P>
<P Id="2" Ref="120"></P>
<P Id="3" Ref="121"></P>
<P Id="4" Ref="122"></P>
<P Id="5" Ref="123"></P>
<P Id="6" Ref="124"></P>
<P Id="7" Ref="125"></P>
<P Id="8" Ref="126"></P>
<P Id="9" Ref="127"></P>
<P Id="10" Ref="128"></P>
<P Id="11" Ref="129"></P>
<P Id="12" Ref="130"></P>
<P Id="13" Ref="131"></P>
<P Id="14" Ref="132"></P>
<P Id="15" Ref="133"></P>
<P Id="16" Ref="134"></P>
<P Id="17" Ref="135"></P>
<P Id="18" Ref="136"></P>
<P Id="19" Ref="137"></P>
<P Id="20" Ref="138"></P>
<P Id="21" Ref="139"></P>
<P Id="22" Ref="140"></P>
<P Id="23" Ref="141"></P>
<P Id="24" Ref="142"></P>
<P Id="25" Ref="143"></P>
<P Id="26" Ref="144"></P>
<P Id="27" Ref="145"></P>
<P Id="28" Ref="146"></P>
<P Id="29" Ref="147"></P>
<P Id="30" Ref="148"></P>
<P Id="31" Ref="149"></P>
<P Id="32" Ref="150"></P>
<P Id="33" Ref="151"></P>
<P Id="34" Ref="152"></P>
<P Id="35" Ref="153"></P>
<P Id="36" Ref="154"></P>
<P Id="37" Ref="155"></P>
<P Id="38" Ref="156"></P>
<P Id="39" Ref="157"></P>
<P Id="40" Ref="158"></P>
<P Id="41" Ref="159"></P>
<P Id="42" Ref="160"></P>
<P Id="43" Ref="161"></P>
<P Id="44" Ref="162"></P>
<P Id="45" Ref="163"></P>
<P Id="46" Ref="164"></P>
<P Id="47" Ref="165"></P>
<P Id="48" Ref="166"></P>
<P Id="49" Ref="167"></P>
<P Id="50" Ref="168"></P>
<P Id="51" Ref="169"></P>
<P Id="52" Ref="170"></P>
<P Id="53" Ref="171"></P>
<P Id="54" Ref="172"></P>
<P Id="55" Ref="173"></P>
<P Id="56" Ref="174"></P>
<P Id="57" Ref="175"></P>
<P Id="58" Ref="176"></P>
<P Id="59" Ref="177"></P>
<P Id="60" Ref="178"></P>
<P Id="61" Ref="179"></P>
<P Id="62" Ref="180"></P>
<P Id="63" Ref="181"></P>
<P Id="64" Ref="182"></P>
<P Id="65" Ref="183"></P>
<P Id="66" Ref="184"></P>
<P Id="67" Ref="185"></P>
<P Id="68" Ref="186"></P>
<P Id="69" Ref="187"></P>
<P Id="70"></P>
<P Id="71"></P>
<P Id="72"></P>
<P Id="73"></P>
<P Id="74"></P>
<P Id="75"></P>
<P Id="76"></P>
<P Id="77"></P>
<P Id="78"></P>
<P Id="79"></P>
<P Id="80"></P>
<P Id="81"></P>
<P Id="82"></P>
<P Id="83"></P>
<P Id="84" Ref="202"></P>
</OBJECT>
<OBJECT Id="12">
<P Id="0">
<F Id="0" Ref="203"></F>
<F Id="1" Ref="204"></F>
</P>
<P Id="1">
<F Id="0" Ref="205"></F>
<F Id="1" Ref="206"></F>
</P>
<P Id="2">
<F Id="0" Ref="207"></F>
<F Id="1" Ref="208"></F>
</P>
<P Id="3">
<F Id="0" Ref="209"></F>
<F Id="1" Ref="210"></F>
</P>
<P Id="4">
<F Id="0" Ref="211"></F>
<F Id="1" Ref="212"></F>
</P>
<P Id="5">
<F Id="0" Ref="213"></F>
<F Id="1" Ref="214"></F>
</P>
<P Id="6">
<F Id="0" Ref="215"></F>
<F Id="1" Ref="216"></F>
</P>
<P Id="7">
<F Id="0" Ref="217"></F>
<F Id="1" Ref="218"></F>
</P>
<P Id="8">
<F Id="0" Ref="219"></F>
<F Id="1" Ref="220"></F>
</P>
<P Id="9">
<F Id="0" Ref="221"></F>
<F Id="1" Ref="222"></F>
</P>
<P Id="10">
<F Id="0" Ref="223"></F>
<F Id="1" Ref="224"></F>
</P>
<P Id="11">
<F Id="0" Ref="225"></F>
<F Id="1" Ref="226"></F>
</P>
<P Id="12">
<F Id="0" Ref="227"></F>
<F Id="1" Ref="228"></F>
</P>
<P Id="13">
<F Id="0" Ref="229"></F>
<F Id="1" Ref="230"></F>
</P>
<P Id="14">
<F Id="0" Ref="231"></F>
<F Id="1" Ref="232"></F>
</P>
<P Id="15">
<F Id="0" Ref="233"></F>
<F Id="1" Ref="234"></F>
</P>
<P Id="16">
<F Id="0" Ref="235"></F>
<F Id="1" Ref="236"></F>
</P>
<P Id="17">
<F Id="0" Ref="237"></F>
<F Id="1" Ref="238"></F>
</P>
<P Id="18">
<F Id="0" Ref="239"></F>
<F Id="1" Ref="240"></F>
</P>
<P Id="19">
<F Id="0"></F>
<F Id="1"></F>
</P>
<P Id="20">
<F Id="0"></F>
<F Id="1"></F>
</P>
<P Id="21">
<F Id="0"></F>
<F Id="1"></F>
</P>
<P Id="22">
<F Id="0"></F>
<F Id="1"></F>
</P>
<P Id="23">
<F Id="0"></F>
<F Id="1"></F>
</P>
</OBJECT>
<OBJECT Id="30">
<P Id="0" Ref="251"></P>
<P Id="1" Ref="252"></P>
<P Id="2" Ref="253"></P>
<P Id="3" Ref="254"></P>
<P Id="4" Ref="255"></P>
<P Id="5" Ref="256"></P>
<P Id="6" Ref="257"></P>
<P Id="7" Ref="258"></P>
</OBJECT>
</DEVICE>
</LINE>
</PROTOCOL>
</DIRECTION>
<DIRECTION Id="1" Key="111">
<PROTOCOL Id="9" Key="112">
<LINE Id="2" Key="113">
<Interface>0</Interface>
<BaudRate>2400</BaudRate>
<PostTransmissionDelay>1</PostTransmissionDelay>
<SwitchedRX>1</SwitchedRX>
<SwitchedTX>1</SwitchedTX>
<DEVICE Id="3" Key="114" Name="Toms_River_TRWS9">
<REQUEST Id="0" Key="115">
<Function>5</Function>
<Variation>1</Variation>
<XCount>2</XCount>
<YCount>2</YCount>
</REQUEST>
<OBJECT Id="1" Key="116">
<GROUP Id="0" Key="117">
<P Id="0" Key="174" Name="64026_ACB"></P>
<P Id="1" Key="175" Name="64023_ACB"></P>
<P Id="2" Key="176" Name="64025_ACB"></P>
<P Id="3" Key="177" Name="64028_ACB"></P>
<P Id="4" Key="178" Name="64021_ACB"></P>
<P Id="5" Key="179" Name="64024_ACB"></P>
<P Id="6" Key="180" Name="64022_ACB"></P>
<P Id="7" Key="181" Name="BANK_1_ACB"></P>
<P Id="8" Key="182" Name="BANK_2_ACB"></P>
<P Id="9" Key="183" Name="BT_ACB"></P>
<P Id="10" Key="184" Name="SPARE"></P>
<P Id="11" Key="185" Name="SPARE"></P>
<P Id="12" Key="186" Name="SPARE"></P>
<P Id="13" Key="187" Name="SPARE"></P>
<P Id="14"></P>
<P Id="15"></P>
<P Id="16"></P>
<P Id="17"></P>
<P Id="18"></P>
<P Id="19"></P>
<P Id="20"></P>
<P Id="21"></P>
<P Id="22"></P>
<P Id="23"></P>
<P Id="24"></P>
<P Id="25"></P>
<P Id="26"></P>
<P Id="27"></P>
</GROUP>
</OBJECT>
<OBJECT Id="2" Key="1300">
<GROUP Id="0" Key="1900">
<P Id="0" Key="251" Name="SPARE"></P>
<P Id="1" Key="252" Name="4.8_KV_VOLTAGE"></P>
<P Id="2" Key="253" Name="BANK_1_MW"></P>
<P Id="3" Key="254" Name="BANK_1_MVAR"></P>
</GROUP>
<GROUP Id="1" Key="1901">
<P Id="0" Key="255" Name="BANK_2_MW"></P>
<P Id="1" Key="256" Name="BANK_2_MVAR"></P>
<P Id="2" Key="257" Name="D212_34.5_KV_VOLTAGE"></P>
<P Id="3" Key="258" Name="V126_1_34.5_KV_VOLTAGE"></P>
</GROUP>
</OBJECT>
<OBJECT Id="4" Key="1902">
<GROUP Id="1" Key="1903">
<P Id="0" Key="203" Name="DO_NOT_USE_OPEN"></P>
<P Id="1" Key="204" Name="DO_NOT_USE_CLOSE"></P>
<P Id="2" Key="205" Name="D212_LBSW_OPEN"></P>
<P Id="3" Key="206" Name="D212_LBSW_CLOSE"></P>
<P Id="4" Key="207" Name="NO_6_LBSW_OPEN"></P>
<P Id="5" Key="208" Name="NO_6_LBSW_CLOSE"></P>
<P Id="6" Key="209" Name="V126_LBSW_OPEN"></P>
<P Id="7" Key="210" Name="V126_LBSW_CLOSE"></P>
<P Id="8" Key="211" Name="ADAPTIVE_RELAYING_OFF"></P>
<P Id="9" Key="212" Name="ADAPTIVE_RELAYING_ON"></P>
<P Id="10" Key="213" Name="BANK_1_ACB_OPEN"></P>
<P Id="11" Key="214" Name="BANK_1_ACB_CLOSE"></P>
<P Id="12" Key="215" Name="BANK_2_ACB_OPEN"></P>
<P Id="13" Key="216" Name="BANK_2_ACB_CLOSE"></P>
<P Id="14" Key="217" Name="BT_ACB_OPEN"></P>
<P Id="15" Key="218" Name="BT_ACB_CLOSE"></P>
</GROUP>
<GROUP Id="2" Key="1904">
<P Id="0" Key="219" Name="64026_ACB_OPEN"></P>
<P Id="1" Key="220" Name="64026_ACB_CLOSE"></P>
<P Id="2" Key="221" Name="64023_ACB_OPEN"></P>
<P Id="3" Key="222" Name="64023_ACB_CLOSE"></P>
<P Id="4" Key="223" Name="64025_ACB_OPEN"></P>
<P Id="5" Key="224" Name="64025_ACB_CLOSE"></P>
<P Id="6" Key="225" Name="64028_ACB_OPEN"></P>
<P Id="7" Key="226" Name="64028_ACB_CLOSE"></P>
<P Id="8" Key="227" Name="64021_ACB_OPEN"></P>
<P Id="9" Key="228" Name="64021_ACB_CLOSE"></P>
<P Id="10" Key="229" Name="64024_ACB_OPEN"></P>
<P Id="11" Key="230" Name="64024_ACB_CLOSE"></P>
<P Id="12" Key="231" Name="64022_ACB_OPEN"></P>
<P Id="13" Key="232" Name="64022_ACB_CLOSE"></P>
<P Id="14" Key="233" Name="SPARE_BREAKER_OPEN"></P>
<P Id="15" Key="234" Name="SPARE_BREAKER_CLOSE"></P>
</GROUP>
<GROUP Id="3" Key="1905">
<P Id="0" Key="235" Name="SPARE_BREAKER_OPEN"></P>
<P Id="1" Key="236" Name="SPARE_BREAKER_CLOSE"></P>
<P Id="2" Key="237" Name="SPARE"></P>
<P Id="3" Key="238" Name="SPARE"></P>
<P Id="4" Key="239" Name="SPARE"></P>
<P Id="5" Key="240" Name="SPARE"></P>
<P Id="6"></P>
<P Id="7"></P>
<P Id="8"></P>
<P Id="9"></P>
<P Id="10"></P>
<P Id="11"></P>
<P Id="12"></P>
<P Id="13"></P>
<P Id="14"></P>
<P Id="15"></P>
</GROUP>
</OBJECT>
<OBJECT Id="7" Key="1906">
<GROUP Id="0" Key="1907">
<P Id="0" Key="118" Name="D212_LBSW"></P>
<P Id="1" Key="119" Name="D212_LBSW"></P>
<P Id="2" Key="120" Name="NO_6_LBSW"></P>
<P Id="3" Key="121" Name="NO_6_LBSW"></P>
<P Id="4" Key="122" Name="V126_LBSW"></P>
<P Id="5" Key="123" Name="V126_LBSW"></P>
<P Id="6" Key="124" Name="ADAPTIVE_RELAYING"></P>
<P Id="7" Key="125" Name="SPARE"></P>
<P Id="8" Key="126" Name="SPARE"></P>
<P Id="9" Key="127" Name="SPARE"></P>
<P Id="10" Key="128" Name="SPARE"></P>
<P Id="11" Key="129" Name="SPARE_BREAKER"></P>
<P Id="12" Key="130" Name="SPARE_BREAKER"></P>
<P Id="13" Key="131" Name="SPARE"></P>
<P Id="14" Key="132" Name="SPARE"></P>
<P Id="15" Key="133" Name="SPARE"></P>
<P Id="16" Key="134" Name="SPARE"></P>
<P Id="17" Key="135" Name="SPARE"></P>
<P Id="18" Key="136" Name="SPARE"></P>
<P Id="19" Key="137" Name="SPARE"></P>
<P Id="20" Key="138" Name="SPARE"></P>
<P Id="21" Key="139" Name="SPARE"></P>
<P Id="22" Key="140" Name="SPARE"></P>
<P Id="23" Key="141" Name="SPARE"></P>
<P Id="24" Key="142" Name="SPARE"></P>
<P Id="25" Key="143" Name="SPARE"></P>
<P Id="26" Key="144" Name="SPARE"></P>
<P Id="27" Key="145" Name="SPARE"></P>
<P Id="28" Key="146" Name="SPARE"></P>
<P Id="29" Key="147" Name="SPARE"></P>
<P Id="30" Key="148" Name="SPARE"></P>
<P Id="31" Key="149" Name="GSA_ALARM"></P>
<P Id="32" Key="150" Name="STATION_BATTERY_LOW"></P>
<P Id="33" Key="151" Name="LOCAL_REMOTE_SWITCH_STATUS"></P>
<P Id="34" Key="152" Name="SPARE"></P>
<P Id="35" Key="153" Name="SPARE"></P>
<P Id="36" Key="154" Name="SPARE"></P>
<P Id="37" Key="155" Name="SPARE"></P>
<P Id="38" Key="156" Name="SPARE"></P>
<P Id="39" Key="157" Name="SPARE"></P>
<P Id="40" Key="158" Name="SPARE"></P>
<P Id="41" Key="159" Name="SPARE"></P>
<P Id="42" Key="160" Name="SPARE"></P>
<P Id="43" Key="161" Name="SPARE"></P>
<P Id="44" Key="162" Name="SPARE"></P>
<P Id="45" Key="163" Name="SPARE"></P>
<P Id="46" Key="164" Name="SPARE"></P>
<P Id="47" Key="165" Name="SPARE"></P>
<P Id="48" Key="166" Name="SPARE"></P>
<P Id="49" Key="167" Name="SPARE"></P>
<P Id="50" Key="168" Name="SPARE"></P>
<P Id="51" Key="169" Name="SPARE"></P>
<P Id="52" Key="170" Name="SPARE"></P>
<P Id="53" Key="171" Name="SPARE"></P>
<P Id="54" Key="172" Name="SPARE"></P>
<P Id="55" Key="173" Name="SPARE"></P>
</GROUP>
</OBJECT>
<OBJECT Id="16384" Key="1908">
<P Id="0" Key="202" Name="SPT_COMM_FAIL"></P>
</OBJECT>
</DEVICE>
</LINE>
</PROTOCOL>
</DIRECTION>
</SPT>