<SPT Id="1">
<DIRECTION Id="0">
<PROTOCOL Id="1">
<LINE Id="1">
<Interface>0</Interface>
<BaudRate>9600</BaudRate>
<SwitchedRX>0</SwitchedRX>
<SwitchedTX>0</SwitchedTX>
<DEVICE Id="10228" Name="toEMS">
<OBJECT Id="1">
<P Id="0" Ref="170"></P>
<P Id="1" Ref="171"></P>
<P Id="2" Ref="172"></P>
<P Id="3" Ref="173"></P>
<P Id="4" Ref="174"></P>
<P Id="5" Ref="175"></P>
<P Id="6" Ref="176"></P>
<P Id="7" Ref="177"></P>
<P Id="8" Ref="178"></P>
<P Id="9" Ref="179"></P>
<P Id="10" Ref="180"></P>
<P Id="11" Ref="181"></P>
<P Id="12" Ref="182"></P>
<P Id="13" Ref="183"></P>
<P Id="14" Ref="184"></P>
<P Id="15" Ref="185"></P>
<P Id="16" Ref="106"></P>
<P Id="17" Ref="107"></P>
<P Id="18" Ref="108"></P>
<P Id="19" Ref="109"></P>
<P Id="20" Ref="110"></P>
<P Id="21" Ref="111"></P>
<P Id="22" Ref="112"></P>
<P Id="23" Ref="113"></P>
<P Id="24" Ref="114"></P>
<P Id="25" Ref="115"></P>
<P Id="26" Ref="116"></P>
<P Id="27" Ref="117"></P>
<P Id="28" Ref="118"></P>
<P Id="29" Ref="119"></P>
<P Id="30" Ref="120"></P>
<P Id="31" Ref="121"></P>
<P Id="32" Ref="187"></P>
</OBJECT>
<OBJECT Id="12">
<P Id="0">
<F Id="0" Ref="149"></F>
<F Id="1" Ref="150"></F>
</P>
<P Id="1">
<F Id="0" Ref="147"></F>
<F Id="1" Ref="148"></F>
</P>
<P Id="2">
<F Id="0" Ref="145"></F>
<F Id="1" Ref="146"></F>
</P>
<P Id="3">
<F Id="0" Ref="143"></F>
<F Id="1" Ref="144"></F>
</P>
<P Id="4">
<F Id="0" Ref="141"></F>
<F Id="1" Ref="142"></F>
</P>
<P Id="5">
<F Id="0" Ref="139"></F>
<F Id="1" Ref="140"></F>
</P>
<P Id="6">
<F Id="0" Ref="137"></F>
<F Id="1" Ref="138"></F>
</P>
<P Id="7">
<F Id="0" Ref="135"></F>
<F Id="1" Ref="136"></F>
</P>
<P Id="8">
<F Id="0" Ref="166"></F>
<F Id="1" Ref="167"></F>
</P>
<P Id="9">
<F Id="0" Ref="164"></F>
<F Id="1" Ref="165"></F>
</P>
<P Id="10">
<F Id="0" Ref="162"></F>
<F Id="1" Ref="163"></F>
</P>
<P Id="11">
<F Id="0" Ref="160"></F>
<F Id="1" Ref="161"></F>
</P>
<P Id="12">
<F Id="0" Ref="158"></F>
<F Id="1" Ref="159"></F>
</P>
<P Id="13">
<F Id="0" Ref="156"></F>
<F Id="1" Ref="157"></F>
</P>
<P Id="14">
<F Id="0" Ref="154"></F>
<F Id="1" Ref="155"></F>
</P>
<P Id="15">
<F Id="0" Ref="152"></F>
<F Id="1" Ref="153"></F>
</P>
</OBJECT>
<OBJECT Id="30">
<P Id="0" Ref="124"></P>
<P Id="1" Ref="125"></P>
<P Id="2" Ref="126"></P>
<P Id="3" Ref="127"></P>
<P Id="4" Ref="129"></P>
<P Id="5" Ref="130"></P>
<P Id="6" Ref="131"></P>
<P Id="7" Ref="132"></P>
</OBJECT>
</DEVICE>
</LINE>
</PROTOCOL>
</DIRECTION>
<DIRECTION Id="1" Key="98">
<PROTOCOL Id="49" Key="99">
<McdType>0</McdType>
<LINE Id="2" Key="100">
<Interface>0</Interface>
<BaudRate>1200</BaudRate>
<SwitchedRX>0</SwitchedRX>
<SwitchedTX>0</SwitchedTX>
<PostTransmissionDelay>1</PostTransmissionDelay>
<DEVICE Id="3" Key="101" Name="STANTON_TRW_9550">
<REQUEST Id="0" Key="102">
<Function>5</Function>
<Variation>1</Variation>
</REQUEST>
<REQUEST Id="1" Key="103">
<Function>5</Function>
<Variation>2</Variation>
<Count>8</Count>
<Frequency>5000</Frequency>
</REQUEST>
<OBJECT Id="1" Key="104">
<GROUP Id="0" Key="105">
<P Id="8" Key="106" Name="BK_2_VCB"></P>
<P Id="9" Key="107" Name="27401_VCB"></P>
<P Id="10" Key="108" Name="27404_VCB"></P>
<P Id="11" Key="109" Name="SPARE"></P>
<P Id="12" Key="110" Name="BK_1_ACB"></P>
<P Id="13" Key="111" Name="24402_ACB"></P>
<P Id="14" Key="112" Name="24403_ACB"></P>
<P Id="15" Key="113" Name="OIL_SPILL_ALARM"></P>
<P Id="16" Key="114" Name="SPARE"></P>
<P Id="17" Key="115" Name="SPARE"></P>
<P Id="18" Key="116" Name="SPARE"></P>
<P Id="19" Key="117" Name="SPARE"></P>
<P Id="20" Key="118" Name="SPARE"></P>
<P Id="21" Key="119" Name="SPARE"></P>
<P Id="22" Key="120" Name="SPARE"></P>
<P Id="23" Key="121" Name="SPARE"></P>
</GROUP>
</OBJECT>
<OBJECT Id="2" Key="122">
<GROUP Id="0" Key="123">
<P Id="0" Key="124" Name="0PCT CALIBRATION"></P>
<P Id="1" Key="125" Name="90PCT CALIBRATION"></P>
<P Id="2" Key="126" Name="12_5 KV"></P>
<P Id="3" Key="127" Name="4_8 KV"></P>
</GROUP>
<GROUP Id="1" Key="128">
<P Id="0" Key="129" Name="BK_1 MW"></P>
<P Id="1" Key="130" Name="BK_1 MVAR"></P>
<P Id="2" Key="131" Name="BK_2 MW"></P>
<P Id="3" Key="132" Name="BK_2 MVAR"></P>
</GROUP>
</OBJECT>
<OBJECT Id="4" Key="133">
<Type>1</Type>
<GROUP Id="1" Key="134">
<P Id="0" Key="135" Name="27404_VCB OPEN"></P>
<P Id="1" Key="136" Name="27404_VCB CLOSE"></P>
<P Id="2" Key="137" Name="27401_VCB OPEN"></P>
<P Id="3" Key="138" Name="27401_VCB CLOSE"></P>
<P Id="4" Key="139" Name="BK_2_VCB OPEN"></P>
<P Id="5" Key="140" Name="BK_2_VCB CLOSE"></P>
<P Id="6" Key="141" Name="F734_3_LBSW OPEN"></P>
<P Id="7" Key="142" Name="F734_3_LBSW CLOSE"></P>
<P Id="8" Key="143" Name="NO_6_LBSW OPEN"></P>
<P Id="9" Key="144" Name="NO_6_LBSW CLOSE"></P>
<P Id="10" Key="145" Name="F734_1_LBSW OPEN"></P>
<P Id="11" Key="146" Name="F734_1_LBSW CLOSE"></P>
<P Id="12" Key="147" Name="SPARE"></P>
<P Id="13" Key="148" Name="SPARE"></P>
<P Id="14" Key="149" Name="SPARE"></P>
<P Id="15" Key="150" Name="SPARE"></P>
</GROUP>
<GROUP Id="2" Key="151">
<P Id="0" Key="152" Name="SPARE"></P>
<P Id="1" Key="153" Name="SPARE"></P>
<P Id="2" Key="154" Name="SPARE"></P>
<P Id="3" Key="155" Name="SPARE"></P>
<P Id="4" Key="156" Name="SPARE"></P>
<P Id="5" Key="157" Name="SPARE"></P>
<P Id="6" Key="158" Name="ADAPTIVE_RELAYING OFF"></P>
<P Id="7" Key="159" Name="ADAPTIVE_RELAYING ON"></P>
<P Id="8" Key="160" Name="24403_ACB OPEN"></P>
<P Id="9" Key="161" Name="24403_ACB CLOSE"></P>
<P Id="10" Key="162" Name="24402_ACB OPEN"></P>
<P Id="11" Key="163" Name="24402_ACB CLOSE"></P>
<P Id="12" Key="164" Name="BK_1_ACB OPEN"></P>
<P Id="13" Key="165" Name="BK_1_ACB CLOSE"></P>
<P Id="14" Key="166" Name="SPARE"></P>
<P Id="15" Key="167" Name="SPARE"></P>
</GROUP>
</OBJECT>
<OBJECT Id="7" Key="168">
<GROUP Id="0" Key="169">
<P Id="0" Key="170" Name="LOCAL_REMOTE"></P>
<P Id="1" Key="171" Name="BATTERY"></P>
<P Id="2" Key="172" Name="F734_1_LBSW_CLOSE"></P>
<P Id="3" Key="173" Name="F734_1_LBSW_OPEN"></P>
<P Id="4" Key="174" Name="NO_6_LBSW_CLOSE"></P>
<P Id="5" Key="175" Name="NO_6_LBSW_OPEN"></P>
<P Id="6" Key="176" Name="F734_3_LBSW_CLOSE"></P>
<P Id="7" Key="177" Name="F734_3_LBSW_OPEN"></P>
<P Id="8" Key="178" Name="ADAPTIVE_RELAYING"></P>
<P Id="9" Key="179" Name="SPARE">
<Text>ADAPTIVE_RELAY</Text>
</P>
<P Id="10" Key="180" Name="SPARE"></P>
<P Id="11" Key="181" Name="SPARE"></P>
<P Id="12" Key="182" Name="SPARE"></P>
<P Id="13" Key="183" Name="SPARE"></P>
<P Id="14" Key="184" Name="SPARE"></P>
<P Id="15" Key="185" Name="SPARE"></P>
</GROUP>
</OBJECT>
<OBJECT Id="16384" Key="186">
<P Id="0" Key="187" Name="SPT_COMM_FAIL"></P>
</OBJECT>
</DEVICE>
</LINE>
</PROTOCOL>
</DIRECTION>
</SPT>
