<SPT Id="1">
<TimeSource>2</TimeSource>
<DIRECTION Id="0">
<PROTOCOL Id="1">
<LINE Id="1">
<Interface>0</Interface>
<BaudRate>9600</BaudRate>
<SwitchedRX>0</SwitchedRX>
<SwitchedTX>0</SwitchedTX>
<DEVICE Id="10240" Name="toEMS">
<OBJECT Id="1">
<P Id="0" Ref="115"></P>
<P Id="1" Ref="116"></P>
<P Id="2" Ref="117"></P>
<P Id="3" Ref="118"></P>
<P Id="4" Ref="119"></P>
<P Id="5" Ref="120"></P>
<P Id="6" Ref="121"></P>
<P Id="7" Ref="122"></P>
<P Id="8" Ref="123"></P>
<P Id="9" Ref="124"></P>
<P Id="10" Ref="125"></P>
<P Id="11" Ref="126"></P>
<P Id="12" Ref="127"></P>
<P Id="13" Ref="128"></P>
<P Id="14" Ref="129"></P>
<P Id="15" Ref="130"></P>
<P Id="16" Ref="96"></P>
<P Id="17" Ref="97"></P>
<P Id="18" Ref="98"></P>
<P Id="19" Ref="99"></P>
<P Id="20" Ref="100"></P>
<P Id="21" Ref="101"></P>
<P Id="22" Ref="102"></P>
<P Id="23" Ref="103"></P>
<P Id="24" Ref="192"></P>
</OBJECT>
<OBJECT Id="12">
<P Id="0">
<F Id="0" Ref="144"></F>
<F Id="1" Ref="145"></F>
</P>
<P Id="1">
<F Id="0" Ref="147"></F>
<F Id="1" Ref="148"></F>
</P>
<P Id="2">
<F Id="0" Ref="150"></F>
<F Id="1" Ref="151"></F>
</P>
<P Id="3">
<F Id="0" Ref="153"></F>
<F Id="1" Ref="154"></F>
</P>
<P Id="4">
<F Id="0" Ref="156"></F>
<F Id="1" Ref="157"></F>
</P>
<P Id="5">
<F Id="0" Ref="159"></F>
<F Id="1" Ref="160"></F>
</P>
<P Id="6">
<F Id="0" Ref="162"></F>
<F Id="1" Ref="163"></F>
</P>
<P Id="7">
<F Id="0" Ref="165"></F>
<F Id="1" Ref="166"></F>
</P>
<P Id="8">
<F Id="0" Ref="168"></F>
<F Id="1" Ref="169"></F>
</P>
<P Id="9">
<F Id="0" Ref="171"></F>
<F Id="1" Ref="172"></F>
</P>
<P Id="10">
<F Id="0" Ref="174"></F>
<F Id="1" Ref="175"></F>
</P>
<P Id="11">
<F Id="0" Ref="177"></F>
<F Id="1" Ref="178"></F>
</P>
<P Id="12">
<F Id="0"></F>
<F Id="1"></F>
</P>
<P Id="13">
<F Id="0"></F>
<F Id="1"></F>
</P>
<P Id="14">
<F Id="0"></F>
<F Id="1"></F>
</P>
<P Id="15">
<F Id="0"></F>
<F Id="1"></F>
</P>
</OBJECT>
<OBJECT Id="30">
<P Id="0" Ref="132"></P>
<P Id="1" Ref="133"></P>
<P Id="2" Ref="134"></P>
<P Id="3" Ref="135"></P>
<P Id="4" Ref="136"></P>
<P Id="5" Ref="137"></P>
<P Id="6" Ref="138"></P>
</OBJECT>
</DEVICE>
</LINE>
</PROTOCOL>
</DIRECTION>
<DIRECTION Id="1" Key="89">
<PROTOCOL Id="6" Key="90">
<LINE Id="3" Key="91">
<Interface>0</Interface>
<BaudRate>1200</BaudRate>
<SwitchedRX>1</SwitchedRX>
<SwitchedTX>1</SwitchedTX>
<PostTransmissionDelay>1</PostTransmissionDelay>
<DEVICE Id="2" Key="92" Name="COLTS_NECK_CDC_8890">
<REQUEST Id="0" Key="93">
<Function>3</Function>
</REQUEST>
<OBJECT Id="1" Key="94">
<P Id="0" Key="95">
<F Id="0" Key="96" Name="BK 1 VCB"></F>
<F Id="1" Key="97" Name="BT VCB"></F>
<F Id="2" Key="98" Name="47426 VCB"></F>
<F Id="3" Key="99" Name="47427 VCB"></F>
<F Id="4" Key="100" Name="BK 2 VCB"></F>
<F Id="5" Key="101" Name="47428 VCB"></F>
<F Id="6" Key="102" Name="47429 VCB"></F>
<F Id="7" Key="103" Name="SPARE"></F>
</P>
<P Id="1" Key="104">
<F Id="0" Key="105"></F>
<F Id="1" Key="106"></F>
<F Id="2" Key="107"></F>
<F Id="3" Key="108"></F>
<F Id="4" Key="109"></F>
<F Id="5" Key="110"></F>
<F Id="6" Key="111"></F>
<F Id="7" Key="112"></F>
</P>
</OBJECT>
<OBJECT Id="3" Key="113">
<P Id="48" Key="114">
<F Id="0" Key="115" Name="LOCAL/REMOTE"></F>
<F Id="1" Key="116" Name="BATTERY"></F>
<F Id="2" Key="117" Name="M139-1 LBSW"></F>
<F Id="3" Key="118" Name="M139-1 LBSW"></F>
<F Id="4" Key="119" Name="NO 6 LBSW"></F>
<F Id="5" Key="120" Name="NO 6 LBSW"></F>
<F Id="6" Key="121" Name="M139-2 LBSW"></F>
<F Id="7" Key="122" Name="M139-2 LBSW"></F>
<F Id="8" Key="123" Name="BK 1"></F>
<F Id="9" Key="124" Name="BK 2"></F>
<F Id="10" Key="125" Name="ADAPTIVE RELAYING"></F>
<F Id="11" Key="126" Name="5PCT VOLT RED"></F>
<F Id="12" Key="127" Name="SPARE"></F>
<F Id="13" Key="128" Name="SPARE"></F>
<F Id="14" Key="129" Name="SPARE"></F>
<F Id="15" Key="130" Name="SPARE"></F>
</P>
</OBJECT>
<OBJECT Id="6" Key="131">
<P Id="128" Key="132" Name="SPARE"></P>
<P Id="129" Key="133" Name="SPARE"></P>
<P Id="130" Key="134" Name="BANK 2 MW"></P>
<P Id="131" Key="135" Name="BANK 2 MVAR"></P>
<P Id="132" Key="136" Name="BANK 2 KV"></P>
<P Id="133" Key="137" Name="BANK 1 MW"></P>
<P Id="134" Key="138" Name="BANK 1 MVAR"></P>
<P Id="135" Key="139" Name="SPARE"></P>
<P Id="136" Key="140" Name="SPARE"></P>
<P Id="137" Key="141" Name="SPARE"></P>
</OBJECT>
<OBJECT Id="9" Key="142">
<P Id="0" Key="143" Name="M139-1 LBSW">
<F Id="0" Key="144"></F>
<F Id="1" Key="145"></F>
</P>
<P Id="1" Key="146" Name="NO 6 LBSW">
<F Id="0" Key="147"></F>
<F Id="1" Key="148"></F>
</P>
<P Id="2" Key="149" Name="M139-2 LBSW">
<F Id="0" Key="150"></F>
<F Id="1" Key="151"></F>
</P>
<P Id="3" Key="152" Name="BK 1 VCB">
<F Id="0" Key="153"></F>
<F Id="1" Key="154"></F>
</P>
<P Id="4" Key="155" Name="BT VCB">
<F Id="0" Key="156"></F>
<F Id="1" Key="157"></F>
</P>
<P Id="5" Key="158" Name="47426 VCB">
<F Id="0" Key="159"></F>
<F Id="1" Key="160"></F>
</P>
<P Id="6" Key="161" Name="47427 VCB">
<F Id="0" Key="162"></F>
<F Id="1" Key="163"></F>
</P>
<P Id="7" Key="164" Name="BK 2 VCB">
<F Id="0" Key="165"></F>
<F Id="1" Key="166"></F>
</P>
<P Id="8" Key="167" Name="47428 VCB">
<F Id="0" Key="168"></F>
<F Id="1" Key="169"></F>
</P>
<P Id="9" Key="170" Name="47429 VCB">
<F Id="0" Key="171"></F>
<F Id="1" Key="172"></F>
</P>
<P Id="10" Key="173" Name="ADAPTIVE RELAYING">
<F Id="0" Key="174"></F>
<F Id="1" Key="175"></F>
</P>
<P Id="11" Key="176" Name="5PCT VOLT RED">
<F Id="0" Key="177"></F>
<F Id="1" Key="178"></F>
</P>
<P Id="12" Key="179">
<F Id="0" Key="180"></F>
<F Id="1" Key="181"></F>
</P>
<P Id="13" Key="182">
<F Id="0" Key="183"></F>
<F Id="1" Key="184"></F>
</P>
<P Id="14" Key="185">
<F Id="0" Key="186"></F>
<F Id="1" Key="187"></F>
</P>
<P Id="15" Key="188">
<F Id="0" Key="189"></F>
<F Id="1" Key="190"></F>
</P>
</OBJECT>
<OBJECT Id="16384" Key="191">
<P Id="0" Key="192" Name="SPT COMM FAIL"></P>
</OBJECT>
</DEVICE>
</LINE>
</PROTOCOL>
</DIRECTION>
</SPT>
