<SPT Id="1">
<DIRECTION Id="0">
<PROTOCOL Id="1">
<LINE Id="1">
<Interface>0</Interface>
<BaudRate>9600</BaudRate>
<SwitchedRX>0</SwitchedRX>
<SwitchedTX>0</SwitchedTX>
<DEVICE Id="10258" Name="toEMS">
<OBJECT Id="1">
<P Id="0" Ref="90"></P>
<P Id="1" Ref="91"></P>
<P Id="2" Ref="92"></P>
<P Id="3" Ref="93"></P>
<P Id="4" Ref="94"></P>
<P Id="5" Ref="95"></P>
<P Id="6" Ref="96"></P>
<P Id="7" Ref="97"></P>
<P Id="8" Ref="98"></P>
<P Id="9" Ref="99"></P>
<P Id="10" Ref="100"></P>
<P Id="11" Ref="101"></P>
<P Id="12" Ref="102"></P>
<P Id="13" Ref="103"></P>
<P Id="14" Ref="104"></P>
<P Id="15" Ref="105"></P>
<P Id="16" Ref="71"></P>
<P Id="17" Ref="72"></P>
<P Id="18" Ref="73"></P>
<P Id="19" Ref="74"></P>
<P Id="20" Ref="75"></P>
<P Id="21" Ref="76"></P>
<P Id="22" Ref="77"></P>
<P Id="23" Ref="78"></P>
<P Id="24" Ref="139"></P>
</OBJECT>
<OBJECT Id="12">
<P Id="0">
<F Id="0" Ref="115"></F>
<F Id="1" Ref="116"></F>
</P>
<P Id="1">
<F Id="0" Ref="118"></F>
<F Id="1" Ref="119"></F>
</P>
<P Id="2">
<F Id="0" Ref="121"></F>
<F Id="1" Ref="122"></F>
</P>
<P Id="3">
<F Id="0" Ref="124"></F>
<F Id="1" Ref="125"></F>
</P>
<P Id="4">
<F Id="0" Ref="127"></F>
<F Id="1" Ref="128"></F>
</P>
<P Id="5">
<F Id="0" Ref="130"></F>
<F Id="1" Ref="131"></F>
</P>
<P Id="6">
<F Id="0" Ref="133"></F>
<F Id="1" Ref="134"></F>
</P>
<P Id="7">
<F Id="0" Ref="136"></F>
<F Id="1" Ref="137"></F>
</P>
</OBJECT>
<OBJECT Id="30">
<P Id="0" Ref="107"></P>
<P Id="1" Ref="108"></P>
<P Id="2" Ref="109"></P>
<P Id="3" Ref="110"></P>
<P Id="4" Ref="111"></P>
<P Id="5" Ref="112"></P>
</OBJECT>
</DEVICE>
</LINE>
</PROTOCOL>
</DIRECTION>
<DIRECTION Id="1" Key="64">
<PROTOCOL Id="6" Key="65">
<LINE Id="3" Key="66">
<Interface>0</Interface>
<BaudRate>1200</BaudRate>
<SwitchedRX>1</SwitchedRX>
<SwitchedTX>1</SwitchedTX>
<PostTransmissionDelay>1</PostTransmissionDelay>
<DEVICE Id="4" Key="67" Name="Matawan_CDC2_44-550">
<REQUEST Id="0" Key="68">
<Function>3</Function>
</REQUEST>
<OBJECT Id="1" Key="69">
<P Id="0" Key="70">
<F Id="0" Key="71" Name="43175 OCB"></F>
<F Id="1" Key="72" Name="43176 OCB"></F>
<F Id="2" Key="73" Name="43484 OCB"></F>
<F Id="3" Key="74"></F>
<F Id="4" Key="75"></F>
<F Id="5" Key="76"></F>
<F Id="6" Key="77"></F>
<F Id="7" Key="78"></F>
</P>
<P Id="1" Key="79">
<F Id="0" Key="80"></F>
<F Id="1" Key="81"></F>
<F Id="2" Key="82"></F>
<F Id="3" Key="83"></F>
<F Id="4" Key="84"></F>
<F Id="5" Key="85"></F>
<F Id="6" Key="86"></F>
<F Id="7" Key="87"></F>
</P>
</OBJECT>
<OBJECT Id="3" Key="88">
<P Id="48" Key="89">
<F Id="0" Key="90" Name="LOCAL/REMOTE"></F>
<F Id="1" Key="91" Name="BATTERY"></F>
<F Id="2" Key="92" Name="BK 1 AND 2 OIL SPL"></F>
<F Id="3" Key="93" Name="Z104-1 LBSW OPEN"></F>
<F Id="4" Key="94" Name="Z104-1 LBSW CLOSE"></F>
<F Id="5" Key="95" Name="Z104-2 LBSW OPEN"></F>
<F Id="6" Key="96" Name="Z104-2 LBSW CLOSE"></F>
<F Id="7" Key="97" Name="TRIPPING DC"></F>
<F Id="8" Key="98"></F>
<F Id="9" Key="99"></F>
<F Id="10" Key="100"></F>
<F Id="11" Key="101"></F>
<F Id="12" Key="102"></F>
<F Id="13" Key="103"></F>
<F Id="14" Key="104"></F>
<F Id="15" Key="105"></F>
</P>
</OBJECT>
<OBJECT Id="6" Key="106">
<P Id="128" Key="107" Name="SPARE"></P>
<P Id="129" Key="108" Name="SPARE"></P>
<P Id="130" Key="109" Name="43484 MW"></P>
<P Id="131" Key="110" Name="43484 MVAR"></P>
<P Id="132" Key="111" Name="43175 MW"></P>
<P Id="133" Key="112" Name="43175 MVAR"></P>
</OBJECT>
<OBJECT Id="9" Key="113">
<P Id="0" Key="114" Name="Z104-1 LBSW">
<F Id="0" Key="115"></F>
<F Id="1" Key="116"></F>
</P>
<P Id="1" Key="117" Name="Z104-2 LBSW">
<F Id="0" Key="118"></F>
<F Id="1" Key="119"></F>
</P>
<P Id="2" Key="120" Name="43175 OCB">
<F Id="0" Key="121"></F>
<F Id="1" Key="122"></F>
</P>
<P Id="3" Key="123" Name="43176 OCB">
<F Id="0" Key="124"></F>
<F Id="1" Key="125"></F>
</P>
<P Id="4" Key="126" Name="43484 OCB">
<F Id="0" Key="127"></F>
<F Id="1" Key="128"></F>
</P>
<P Id="5" Key="129">
<F Id="0" Key="130"></F>
<F Id="1" Key="131"></F>
</P>
<P Id="6" Key="132">
<F Id="0" Key="133"></F>
<F Id="1" Key="134"></F>
</P>
<P Id="7" Key="135">
<F Id="0" Key="136"></F>
<F Id="1" Key="137"></F>
</P>
</OBJECT>
<OBJECT Id="16384" Key="138">
<P Id="0" Key="139" Name="SPT_COMM_FAIL"></P>
</OBJECT>
</DEVICE>
</LINE>
</PROTOCOL>
</DIRECTION>
</SPT>
