<SPT Id="1">
<DIRECTION Id="0">
<PROTOCOL Id="1">
<LINE Id="1">
<Interface>0</Interface>
<BaudRate>9600</BaudRate>
<SwitchedRX>0</SwitchedRX>
<DEVICE Id="10258" Name="toEMS">
<OBJECT Id="1">
<P Id="0" Ref="85"></P>
<P Id="1" Ref="86"></P>
<P Id="2" Ref="87"></P>
<P Id="3" Ref="88"></P>
<P Id="4" Ref="89"></P>
<P Id="5" Ref="90"></P>
<P Id="6" Ref="91"></P>
<P Id="7" Ref="92"></P>
<P Id="8" Ref="94"></P>
<P Id="9" Ref="95"></P>
<P Id="10" Ref="96"></P>
<P Id="11" Ref="97"></P>
<P Id="12" Ref="98"></P>
<P Id="13" Ref="99"></P>
<P Id="14" Ref="100"></P>
<P Id="15" Ref="101"></P>
<P Id="16" Ref="104"></P>
<P Id="17" Ref="105"></P>
<P Id="18" Ref="106"></P>
<P Id="19" Ref="107"></P>
<P Id="20" Ref="108"></P>
<P Id="21" Ref="109"></P>
<P Id="22" Ref="110"></P>
<P Id="23" Ref="111"></P>
<P Id="24" Ref="112"></P>
<P Id="25" Ref="113"></P>
<P Id="26" Ref="114"></P>
<P Id="27" Ref="115"></P>
<P Id="28" Ref="116"></P>
<P Id="29" Ref="117"></P>
<P Id="30" Ref="118"></P>
<P Id="31" Ref="119"></P>
<P Id="32" Ref="121"></P>
<P Id="33" Ref="122"></P>
<P Id="34" Ref="123"></P>
<P Id="35" Ref="124"></P>
<P Id="36" Ref="125"></P>
<P Id="37" Ref="126"></P>
<P Id="38" Ref="127"></P>
<P Id="39" Ref="128"></P>
<P Id="40" Ref="129"></P>
<P Id="41" Ref="130"></P>
<P Id="42" Ref="131"></P>
<P Id="43" Ref="132"></P>
<P Id="44" Ref="133"></P>
<P Id="45" Ref="134"></P>
<P Id="46" Ref="135"></P>
<P Id="47" Ref="136"></P>
</OBJECT>
<OBJECT Id="12">
<P Id="0">
<F Id="0" Ref="146"></F>
<F Id="1" Ref="147"></F>
</P>
<P Id="1">
<F Id="0" Ref="149"></F>
<F Id="1" Ref="150"></F>
</P>
<P Id="2">
<F Id="0" Ref="152"></F>
<F Id="1" Ref="153"></F>
</P>
<P Id="3">
<F Id="0" Ref="155"></F>
<F Id="1" Ref="156"></F>
</P>
<P Id="4">
<F Id="0" Ref="158"></F>
<F Id="1" Ref="159"></F>
</P>
</OBJECT>
<OBJECT Id="30">
<P Id="0" Ref="138"></P>
<P Id="1" Ref="139"></P>
<P Id="2" Ref="140"></P>
<P Id="3" Ref="141"></P>
<P Id="4" Ref="142"></P>
<P Id="5" Ref="143"></P>
</OBJECT>
</DEVICE>
</LINE>
</PROTOCOL>
</DIRECTION>
<DIRECTION Id="1" Key="78">
<PROTOCOL Id="6" Key="79">
<LINE Id="3" Key="80">
<Interface>0</Interface>
<BaudRate>1200</BaudRate>
<PostTransmissionDelay>1</PostTransmissionDelay>
<DEVICE Id="4" Key="81" Name="Matawan_CDC2_44-550">
<REQUEST Id="0" Key="82">
<Function>3</Function>
</REQUEST>
<OBJECT Id="1" Key="83">
<P Id="0" Key="84">
<F Id="0" Key="85" Name="43175_OCB"></F>
<F Id="1" Key="86" Name="43176_OCB"></F>
<F Id="2" Key="87" Name="43484_OCB"></F>
<F Id="3" Key="88" Name="SPARE"></F>
<F Id="4" Key="89" Name="SPARE"></F>
<F Id="5" Key="90" Name="SPARE"></F>
<F Id="6" Key="91" Name="SPARE"></F>
<F Id="7" Key="92" Name="SPARE"></F>
</P>
<P Id="1" Key="93">
<F Id="0" Key="94"></F>
<F Id="1" Key="95"></F>
<F Id="2" Key="96"></F>
<F Id="3" Key="97"></F>
<F Id="4" Key="98"></F>
<F Id="5" Key="99"></F>
<F Id="6" Key="100"></F>
<F Id="7" Key="101"></F>
</P>
</OBJECT>
<OBJECT Id="3" Key="102">
<P Id="48" Key="103">
<F Id="0" Key="104" Name="LOCAL_REMOTE"></F>
<F Id="1" Key="105" Name="BATTERY"></F>
<F Id="2" Key="106" Name="BK_1_2_OIL_SPL"></F>
<F Id="3" Key="107" Name="Z104_1_LBSW"></F>
<F Id="4" Key="108" Name="Z104_1_LBSW"></F>
<F Id="5" Key="109" Name="Z104_2_LBSW"></F>
<F Id="6" Key="110" Name="Z104_2_LBSW"></F>
<F Id="7" Key="111" Name="TRIPPING_DC"></F>
<F Id="8" Key="112" Name="SPARE"></F>
<F Id="9" Key="113" Name="SPARE"></F>
<F Id="10" Key="114" Name="SPARE"></F>
<F Id="11" Key="115" Name="SPARE"></F>
<F Id="12" Key="116" Name="SPARE"></F>
<F Id="13" Key="117" Name="SPARE"></F>
<F Id="14" Key="118" Name="SPARE"></F>
<F Id="15" Key="119" Name="SPARE"></F>
</P>
<P Id="49" Key="120">
<F Id="0" Key="121"></F>
<F Id="1" Key="122"></F>
<F Id="2" Key="123"></F>
<F Id="3" Key="124"></F>
<F Id="4" Key="125"></F>
<F Id="5" Key="126"></F>
<F Id="6" Key="127"></F>
<F Id="7" Key="128"></F>
<F Id="8" Key="129"></F>
<F Id="9" Key="130"></F>
<F Id="10" Key="131"></F>
<F Id="11" Key="132"></F>
<F Id="12" Key="133"></F>
<F Id="13" Key="134"></F>
<F Id="14" Key="135"></F>
<F Id="15" Key="136"></F>
</P>
</OBJECT>
<OBJECT Id="6" Key="137">
<P Id="128" Key="138" Name="SPARE"></P>
<P Id="129" Key="139" Name="SPARE"></P>
<P Id="130" Key="140" Name="43484_MW"></P>
<P Id="131" Key="141" Name="43484_MVAR"></P>
<P Id="132" Key="142" Name="43175_MW"></P>
<P Id="133" Key="143" Name="43175_MVAR"></P>
</OBJECT>
<OBJECT Id="9" Key="144">
<P Id="0" Key="145" Name="Z104-1 LBSW">
<F Id="0" Key="146"></F>
<F Id="1" Key="147"></F>
</P>
<P Id="1" Key="148" Name="Z104-2 LBSW">
<F Id="0" Key="149"></F>
<F Id="1" Key="150"></F>
</P>
<P Id="2" Key="151" Name="43175_OCB">
<F Id="0" Key="152"></F>
<F Id="1" Key="153"></F>
</P>
<P Id="3" Key="154" Name="43176_OCB">
<F Id="0" Key="155"></F>
<F Id="1" Key="156"></F>
</P>
<P Id="4" Key="157" Name="43484_OCB">
<F Id="0" Key="158"></F>
<F Id="1" Key="159"></F>
</P>
<P Id="5" Key="160">
<F Id="0" Key="161"></F>
<F Id="1" Key="162"></F>
</P>
<P Id="6" Key="163">
<F Id="0" Key="164"></F>
<F Id="1" Key="165"></F>
</P>
<P Id="7" Key="166">
<F Id="0" Key="167"></F>
<F Id="1" Key="168"></F>
</P>
</OBJECT>
<OBJECT Id="16384" Key="169">
<P Id="0" Key="170" Name="COMM_FAILURE"></P>
</OBJECT>
</DEVICE>
</LINE>
</PROTOCOL>
</DIRECTION>
</SPT>
